order_id,fecha_id,producto_key,provincia_key,canal_segmento_key,cantidad,precio_unitario,ventas,costo,ganancia
1000,2023-01-01,14,4,1,5,19600.0,98000.0,74545.99,23454.01
1001,2023-01-01,12,9,3,1,20300.0,20300.0,17118.53,3181.47
1002,2023-01-01,2,4,1,5,33900.0,169500.0,123534.49,45965.51
1003,2023-01-01,9,1,2,5,11500.0,57500.0,41463.35,16036.65
1004,2023-01-01,10,4,4,5,12200.0,61000.0,46036.45,14963.55
1005,2023-01-01,5,6,4,2,33400.0,66800.0,53525.37,13274.63
1006,2023-01-01,15,9,4,4,13200.0,52800.0,39103.48,13696.52
1007,2023-01-02,19,9,2,5,4300.0,21500.0,18044.85,3455.15
1008,2023-01-02,10,9,1,2,11100.0,22200.0,17069.29,5130.71
1009,2023-01-02,14,6,5,3,16000.0,48000.0,34830.23,13169.77
1010,2023-01-02,7,5,2,2,15800.0,31600.0,24500.36,7099.64
1011,2023-01-02,10,9,3,2,12600.0,25200.0,18201.33,6998.67
1012,2023-01-02,1,1,3,2,26500.0,53000.0,42496.73,10503.27
1013,2023-01-02,12,9,1,5,20400.0,102000.0,83170.81,18829.19
1014,2023-01-02,9,4,1,2,15000.0,30000.0,18558.5,11441.5
1015,2023-01-02,6,7,4,4,10600.0,42400.0,30003.63,12396.37
1016,2023-01-03,12,4,1,5,10600.0,53000.0,39875.27,13124.73
1017,2023-01-03,4,4,1,1,19200.0,19200.0,13381.88,5818.12
1018,2023-01-03,19,1,6,5,3500.0,17500.0,14825.01,2674.99
1019,2023-01-03,1,6,5,5,23600.0,118000.0,94321.7,23678.3
1020,2023-01-03,8,4,4,1,16000.0,16000.0,13468.5,2531.5
1021,2023-01-03,5,4,1,5,23000.0,115000.0,74863.42,40136.58
1022,2023-01-03,17,2,1,2,5400.0,10800.0,6765.28,4034.72
1023,2023-01-03,16,2,1,3,5400.0,16200.0,10180.44,6019.56
1024,2023-01-03,18,6,5,5,4500.0,22500.0,17377.95,5122.05
1025,2023-01-04,15,6,1,2,18500.0,37000.0,29571.58,7428.42
1026,2023-01-04,13,1,1,2,14600.0,29200.0,19602.01,9597.99
1027,2023-01-04,20,6,1,3,3700.0,11100.0,7993.67,3106.33
1028,2023-01-04,12,7,4,3,14900.0,44700.0,27225.38,17474.62
1029,2023-01-04,16,2,1,2,5300.0,10600.0,8427.56,2172.44
1030,2023-01-04,20,4,2,3,2900.0,8700.0,5624.98,3075.02
1031,2023-01-05,4,2,4,2,27400.0,54800.0,37345.37,17454.63
1032,2023-01-05,8,9,1,3,13700.0,41100.0,24901.95,16198.05
1033,2023-01-05,9,1,4,3,12900.0,38700.0,32443.92,6256.08
1034,2023-01-05,16,4,6,3,3600.0,10800.0,8374.67,2425.33
1035,2023-01-06,15,2,2,5,13000.0,65000.0,55034.34,9965.66
1036,2023-01-06,16,10,5,1,5100.0,5100.0,3138.31,1961.69
1037,2023-01-06,10,2,4,2,15400.0,30800.0,24202.15,6597.85
1038,2023-01-06,18,9,2,4,3400.0,13600.0,8126.04,5473.96
1039,2023-01-06,3,1,1,1,18400.0,18400.0,11531.74,6868.26
1040,2023-01-06,10,2,4,3,12500.0,37500.0,25218.56,12281.44
1041,2023-01-07,1,9,1,2,18600.0,37200.0,22034.81,15165.19
1042,2023-01-07,7,10,4,5,15200.0,76000.0,50258.55,25741.45
1043,2023-01-07,9,1,1,3,11800.0,35400.0,26681.02,8718.98
1044,2023-01-07,20,9,1,4,4100.0,16400.0,9826.94,6573.06
1045,2023-01-07,15,7,3,2,18000.0,36000.0,22433.07,13566.93
1046,2023-01-07,17,10,3,5,4000.0,20000.0,13153.44,6846.56
1047,2023-01-08,5,4,6,1,23600.0,23600.0,16430.76,7169.24
1048,2023-01-08,18,1,1,2,5300.0,10600.0,6153.19,4446.81
1049,2023-01-08,4,10,4,2,34000.0,68000.0,40865.84,27134.16
1050,2023-01-08,7,1,2,1,13500.0,13500.0,10189.43,3310.57
1051,2023-01-08,16,1,1,5,3000.0,15000.0,9396.53,5603.47
1052,2023-01-08,12,8,1,1,15600.0,15600.0,9260.38,6339.62
1053,2023-01-08,1,2,4,1,18600.0,18600.0,11123.73,7476.27
1054,2023-01-08,18,1,5,4,3800.0,15200.0,10916.35,4283.65
1055,2023-01-08,16,1,1,4,3600.0,14400.0,9822.33,4577.67
1056,2023-01-09,2,1,4,3,21100.0,63300.0,49467.08,13832.92
1057,2023-01-09,20,2,2,5,5200.0,26000.0,17659.17,8340.83
1058,2023-01-09,5,9,1,2,34400.0,68800.0,51688.2,17111.8
1059,2023-01-09,6,7,2,3,12400.0,37200.0,22553.65,14646.35
1060,2023-01-09,8,4,2,3,13100.0,39300.0,31907.99,7392.01
1061,2023-01-09,10,4,1,3,14700.0,44100.0,32456.51,11643.49
1062,2023-01-09,7,1,1,1,11800.0,11800.0,8959.9,2840.1
1063,2023-01-09,9,2,1,1,10300.0,10300.0,8080.89,2219.11
1064,2023-01-10,1,6,4,3,25400.0,76200.0,47311.01,28888.99
1065,2023-01-10,9,1,1,3,8500.0,25500.0,20743.9,4756.1
1066,2023-01-10,4,5,1,5,19700.0,98500.0,76481.89,22018.11
1067,2023-01-11,2,9,1,3,26200.0,78600.0,62387.87,16212.13
1068,2023-01-11,11,2,5,2,12100.0,24200.0,15962.14,8237.86
1069,2023-01-11,11,10,4,3,18000.0,54000.0,33764.48,20235.52
1070,2023-01-11,18,2,1,4,4100.0,16400.0,11641.88,4758.12
1071,2023-01-12,10,1,1,3,12700.0,38100.0,23767.56,14332.44
1072,2023-01-12,12,2,2,2,17700.0,35400.0,29287.73,6112.27
1073,2023-01-12,19,2,3,4,2900.0,11600.0,7723.6,3876.4
1074,2023-01-12,20,1,4,1,3200.0,3200.0,2596.1,603.9
1075,2023-01-13,19,1,3,5,3400.0,17000.0,12297.89,4702.11
1076,2023-01-13,11,1,4,3,13200.0,39600.0,30006.46,9593.54
1077,2023-01-13,9,2,1,1,8400.0,8400.0,4889.25,3510.75
1078,2023-01-13,7,1,4,4,13200.0,52800.0,41356.0,11444.0
1079,2023-01-13,14,1,4,4,11100.0,44400.0,36306.97,8093.03
1080,2023-01-14,8,2,6,2,8700.0,17400.0,11499.89,5900.11
1081,2023-01-14,16,1,4,4,3400.0,13600.0,10670.22,2929.78
1082,2023-01-14,17,1,4,4,4400.0,17600.0,14333.2,3266.8
1083,2023-01-14,17,2,2,5,3200.0,16000.0,11218.3,4781.7
1084,2023-01-14,13,2,6,5,11600.0,58000.0,43248.8,14751.2
1085,2023-01-14,14,2,2,1,13900.0,13900.0,8297.88,5602.12
1086,2023-01-15,1,9,2,3,24700.0,74100.0,42983.34,31116.66
1087,2023-01-15,1,2,4,4,22200.0,88800.0,58209.68,30590.32
1088,2023-01-15,5,5,1,3,23200.0,69600.0,43613.2,25986.8
1089,2023-01-15,12,10,1,3,14000.0,42000.0,34943.08,7056.92
1090,2023-01-16,8,5,1,1,15800.0,15800.0,12074.57,3725.43
1091,2023-01-16,9,1,1,3,14200.0,42600.0,34613.36,7986.64
1092,2023-01-16,13,2,1,2,15100.0,30200.0,19822.53,10377.47
1093,2023-01-16,13,8,2,1,11600.0,11600.0,7475.26,4124.74
1094,2023-01-16,9,1,6,4,16200.0,64800.0,41625.42,23174.58
1095,2023-01-16,17,1,1,2,3000.0,6000.0,3919.83,2080.17
1096,2023-01-16,19,1,2,2,4700.0,9400.0,7665.45,1734.55
1097,2023-01-17,7,10,2,4,12100.0,48400.0,31140.28,17259.72
1098,2023-01-17,7,10,1,2,15900.0,31800.0,21882.18,9917.82
1099,2023-01-17,1,4,4,5,20500.0,102500.0,65076.07,37423.93
1100,2023-01-17,10,9,2,2,13700.0,27400.0,22804.82,4595.18
1101,2023-01-17,1,1,4,5,20300.0,101500.0,79759.0,21741.0
1102,2023-01-18,8,1,3,2,13200.0,26400.0,21428.55,4971.45
1103,2023-01-18,5,5,2,4,33900.0,135600.0,94807.05,40792.95
1104,2023-01-18,1,2,4,3,25400.0,76200.0,54686.27,21513.73
1105,2023-01-18,14,4,1,2,18700.0,37400.0,29200.14,8199.86
1106,2023-01-18,13,1,5,2,14400.0,28800.0,17200.59,11599.41
1107,2023-01-18,9,9,1,4,13400.0,53600.0,34867.82,18732.18
1108,2023-01-19,3,6,1,1,30900.0,30900.0,24265.95,6634.05
1109,2023-01-19,18,10,5,1,3600.0,3600.0,2797.19,802.81
1110,2023-01-19,7,1,4,3,16400.0,49200.0,39354.43,9845.57
1111,2023-01-19,1,6,1,2,30500.0,61000.0,47917.63,13082.37
1112,2023-01-19,2,1,1,4,22100.0,88400.0,57438.35,30961.65
1113,2023-01-19,17,2,4,4,4000.0,16000.0,9467.95,6532.05
1114,2023-01-19,5,5,4,4,33300.0,133200.0,91958.0,41242.0
1115,2023-01-19,19,6,4,2,4900.0,9800.0,7214.39,2585.61
1116,2023-01-20,8,6,4,2,15000.0,30000.0,20636.57,9363.43
1117,2023-01-20,1,7,1,2,31100.0,62200.0,43530.04,18669.96
1118,2023-01-20,5,2,1,5,18500.0,92500.0,74197.05,18302.95
1119,2023-01-20,7,3,3,1,8600.0,8600.0,6643.24,1956.76
1120,2023-01-20,2,9,3,1,24500.0,24500.0,20031.21,4468.79
1121,2023-01-21,6,10,3,1,9400.0,9400.0,7351.98,2048.02
1122,2023-01-21,8,1,3,1,13200.0,13200.0,10359.16,2840.84
1123,2023-01-21,16,2,2,3,4800.0,14400.0,8722.15,5677.85
1124,2023-01-21,18,9,2,2,4900.0,9800.0,6328.71,3471.29
1125,2023-01-21,6,2,4,2,10000.0,20000.0,16205.54,3794.46
1126,2023-01-22,3,9,4,3,22500.0,67500.0,44736.76,22763.24
1127,2023-01-22,4,10,5,5,30700.0,153500.0,124124.63,29375.37
1128,2023-01-22,1,2,1,5,19700.0,98500.0,59463.64,39036.36
1129,2023-01-22,10,1,1,4,12100.0,48400.0,28455.36,19944.64
1130,2023-01-22,7,2,2,3,13800.0,41400.0,25621.54,15778.46
1131,2023-01-23,16,4,1,4,2900.0,11600.0,9825.25,1774.75
1132,2023-01-23,8,1,3,2,10300.0,20600.0,12905.38,7694.62
1133,2023-01-23,13,6,1,4,18800.0,75200.0,56617.59,18582.41
1134,2023-01-23,5,6,1,3,34500.0,103500.0,70946.25,32553.75
1135,2023-01-23,8,4,1,3,10800.0,32400.0,20910.91,11489.09
1136,2023-01-23,13,2,2,1,15800.0,15800.0,12229.9,3570.1
1137,2023-01-23,11,8,5,3,13000.0,39000.0,29313.54,9686.46
1138,2023-01-23,18,3,6,1,4500.0,4500.0,3007.83,1492.17
1139,2023-01-24,17,10,1,2,4900.0,9800.0,7222.81,2577.19
1140,2023-01-24,1,1,2,3,28800.0,86400.0,68602.96,17797.04
1141,2023-01-24,3,1,1,2,33300.0,66600.0,41480.6,25119.4
1142,2023-01-24,11,1,1,2,16300.0,32600.0,20320.07,12279.93
1143,2023-01-25,1,1,4,3,26700.0,80100.0,61711.86,18388.14
1144,2023-01-25,15,2,4,4,15100.0,60400.0,39961.29,20438.71
1145,2023-01-25,4,4,1,2,27900.0,55800.0,41419.66,14380.34
1146,2023-01-26,15,6,5,5,12100.0,60500.0,43530.63,16969.37
1147,2023-01-26,16,1,2,2,2900.0,5800.0,4670.46,1129.54
1148,2023-01-26,11,2,1,1,12500.0,12500.0,10551.98,1948.02
1149,2023-01-26,17,6,4,4,3700.0,14800.0,10786.47,4013.53
1150,2023-01-26,2,4,1,1,27400.0,27400.0,20210.57,7189.43
1151,2023-01-26,17,7,2,2,3400.0,6800.0,5511.28,1288.72
1152,2023-01-26,11,4,5,4,19700.0,78800.0,53899.99,24900.01
1153,2023-01-26,14,2,4,1,12700.0,12700.0,9902.73,2797.27
1154,2023-01-26,1,10,4,1,28700.0,28700.0,23508.67,5191.33
1155,2023-01-27,15,1,5,4,13900.0,55600.0,41695.98,13904.02
1156,2023-01-27,13,7,1,4,18100.0,72400.0,46830.73,25569.27
1157,2023-01-27,19,9,4,1,4400.0,4400.0,3550.0,850.0
1158,2023-01-27,3,1,1,2,21700.0,43400.0,27956.52,15443.48
1159,2023-01-28,11,1,2,1,13800.0,13800.0,8126.36,5673.64
1160,2023-01-28,15,1,3,4,13100.0,52400.0,30787.99,21612.01
1161,2023-01-28,10,3,1,1,15400.0,15400.0,11079.25,4320.75
1162,2023-01-29,15,1,1,3,11800.0,35400.0,20914.02,14485.98
1163,2023-01-29,14,9,1,2,18400.0,36800.0,26085.89,10714.11
1164,2023-01-29,20,4,5,2,5500.0,11000.0,6618.49,4381.51
1165,2023-01-29,14,2,1,2,19900.0,39800.0,23837.01,15962.99
1166,2023-01-29,17,6,5,1,4000.0,4000.0,2799.64,1200.36
1167,2023-01-29,17,1,1,2,4500.0,9000.0,6132.3,2867.7
1168,2023-01-29,6,1,1,5,15400.0,77000.0,56270.62,20729.38
1169,2023-01-29,6,4,3,3,12300.0,36900.0,26406.92,10493.08
1170,2023-01-29,4,9,5,1,31700.0,31700.0,21231.77,10468.23
1171,2023-01-30,3,9,1,4,34900.0,139600.0,83153.33,56446.67
1172,2023-01-30,16,1,2,1,4300.0,4300.0,2520.0,1780.0
1173,2023-01-30,20,1,1,4,3800.0,15200.0,9694.24,5505.76
1174,2023-01-30,2,2,4,4,34900.0,139600.0,110189.73,29410.27
1175,2023-01-30,20,5,4,1,3000.0,3000.0,1869.09,1130.91
1176,2023-01-30,13,1,4,4,12100.0,48400.0,31953.52,16446.48
1177,2023-01-30,19,6,5,4,3100.0,12400.0,8048.98,4351.02
1178,2023-01-31,10,2,4,5,9900.0,49500.0,33249.14,16250.86
1179,2023-01-31,12,1,4,3,17800.0,53400.0,30987.45,22412.55
1180,2023-01-31,15,8,1,1,12700.0,12700.0,9564.76,3135.24
1181,2023-01-31,10,4,4,5,10700.0,53500.0,32100.21,21399.79
1182,2023-01-31,17,4,1,1,4300.0,4300.0,3559.94,740.06
1183,2023-02-01,4,9,3,2,25400.0,50800.0,39454.25,11345.75
1184,2023-02-01,19,1,2,1,3700.0,3700.0,3033.49,666.51
1185,2023-02-01,8,7,1,4,15400.0,61600.0,41706.18,19893.82
1186,2023-02-02,6,4,4,2,9400.0,18800.0,13915.66,4884.34
1187,2023-02-02,2,4,5,3,33900.0,101700.0,68107.3,33592.7
1188,2023-02-02,9,2,4,5,10900.0,54500.0,43392.93,11107.07
1189,2023-02-02,18,1,1,1,4500.0,4500.0,2992.05,1507.95
1190,2023-02-02,19,8,1,2,5500.0,11000.0,8967.5,2032.5
1191,2023-02-03,5,2,4,1,28900.0,28900.0,18539.29,10360.71
1192,2023-02-03,7,1,5,3,12500.0,37500.0,25705.42,11794.58
1193,2023-02-03,19,2,4,2,5100.0,10200.0,8367.0,1833.0
1194,2023-02-03,14,1,1,5,19000.0,95000.0,73441.61,21558.39
1195,2023-02-03,16,5,2,5,4600.0,23000.0,13806.93,9193.07
1196,2023-02-03,18,1,4,1,4500.0,4500.0,2796.91,1703.09
1197,2023-02-03,10,6,1,2,11600.0,23200.0,13652.06,9547.94
1198,2023-02-04,11,2,1,1,13900.0,13900.0,9094.9,4805.1
1199,2023-02-04,14,4,4,2,14500.0,29000.0,20065.02,8934.98
1200,2023-02-04,1,6,2,5,32500.0,162500.0,110186.69,52313.31
1201,2023-02-04,9,9,2,1,13600.0,13600.0,8828.42,4771.58
1202,2023-02-05,19,7,1,1,3600.0,3600.0,2484.64,1115.36
1203,2023-02-05,2,4,6,5,30700.0,153500.0,91660.32,61839.68
1204,2023-02-05,15,6,4,2,13000.0,26000.0,19807.41,6192.59
1205,2023-02-05,9,4,2,3,11300.0,33900.0,26899.39,7000.61
1206,2023-02-05,4,4,4,5,17800.0,89000.0,63881.39,25118.61
1207,2023-02-06,19,1,4,1,5500.0,5500.0,4094.92,1405.08
1208,2023-02-06,16,4,4,3,3900.0,11700.0,7117.32,4582.68
1209,2023-02-06,16,1,5,5,4400.0,22000.0,17120.55,4879.45
1210,2023-02-07,15,2,1,4,12400.0,49600.0,41906.32,7693.68
1211,2023-02-07,9,3,2,2,12700.0,25400.0,18317.97,7082.03
1212,2023-02-07,19,3,1,2,5300.0,10600.0,8938.36,1661.64
1213,2023-02-08,5,9,4,3,25400.0,76200.0,44615.68,31584.32
1214,2023-02-08,19,3,1,2,4700.0,9400.0,6701.05,2698.95
1215,2023-02-08,4,1,4,5,26800.0,134000.0,113603.64,20396.36
1216,2023-02-08,6,8,6,1,14300.0,14300.0,9649.26,4650.74
1217,2023-02-08,17,10,1,1,5400.0,5400.0,3851.62,1548.38
1218,2023-02-08,19,1,4,2,4100.0,8200.0,5647.09,2552.91
1219,2023-02-08,3,2,4,2,32000.0,64000.0,38943.45,25056.55
1220,2023-02-09,7,3,5,5,8800.0,44000.0,30509.24,13490.76
1221,2023-02-09,7,4,3,4,13700.0,54800.0,39430.85,15369.15
1222,2023-02-09,1,2,1,3,24300.0,72900.0,60928.46,11971.54
1223,2023-02-09,15,10,1,1,15400.0,15400.0,11919.3,3480.7
1224,2023-02-09,14,2,4,1,20100.0,20100.0,13876.71,6223.29
1225,2023-02-09,11,10,1,4,16100.0,64400.0,50868.95,13531.05
1226,2023-02-09,9,10,1,5,14700.0,73500.0,53479.05,20020.95
1227,2023-02-09,2,1,5,3,30900.0,92700.0,58652.08,34047.92
1228,2023-02-09,8,9,1,1,11100.0,11100.0,8848.61,2251.39
1229,2023-02-09,17,10,1,3,3900.0,11700.0,7541.18,4158.82
1230,2023-02-10,5,10,4,3,26800.0,80400.0,51649.42,28750.58
1231,2023-02-10,19,1,5,1,3200.0,3200.0,2436.74,763.26
1232,2023-02-10,12,1,5,1,17000.0,17000.0,12897.34,4102.66
1233,2023-02-10,4,1,1,5,24600.0,123000.0,83914.73,39085.27
1234,2023-02-11,18,1,4,5,3600.0,18000.0,10561.71,7438.29
1235,2023-02-11,6,6,2,1,15700.0,15700.0,12425.58,3274.42
1236,2023-02-11,15,7,5,1,18700.0,18700.0,12051.4,6648.6
1237,2023-02-12,8,1,5,1,12700.0,12700.0,9508.24,3191.76
1238,2023-02-12,11,2,4,5,10700.0,53500.0,44364.71,9135.29
1239,2023-02-12,14,2,2,2,10900.0,21800.0,14712.45,7087.55
1240,2023-02-12,2,1,4,4,31200.0,124800.0,76121.54,48678.46
1241,2023-02-13,11,4,4,2,11000.0,22000.0,14926.82,7073.18
1242,2023-02-13,12,3,1,2,20500.0,41000.0,23994.29,17005.71
1243,2023-02-13,12,9,1,3,15600.0,46800.0,34242.55,12557.45
1244,2023-02-13,11,1,4,5,19000.0,95000.0,58861.41,36138.59
1245,2023-02-13,5,6,1,2,24500.0,49000.0,33305.56,15694.44
1246,2023-02-13,20,9,5,1,3000.0,3000.0,2475.79,524.21
1247,2023-02-13,18,1,2,1,3800.0,3800.0,2708.2,1091.8
1248,2023-02-14,1,1,6,4,20800.0,83200.0,48315.07,34884.93
1249,2023-02-14,20,1,4,4,4800.0,19200.0,12109.37,7090.63
1250,2023-02-14,3,5,2,1,18100.0,18100.0,14233.13,3866.87
1251,2023-02-15,19,4,1,3,5100.0,15300.0,11446.11,3853.89
1252,2023-02-15,5,1,1,4,27800.0,111200.0,69545.93,41654.07
1253,2023-02-15,9,9,1,1,11300.0,11300.0,8124.56,3175.44
1254,2023-02-15,17,8,2,2,4200.0,8400.0,5141.18,3258.82
1255,2023-02-15,4,2,4,5,27600.0,138000.0,109894.77,28105.23
1256,2023-02-15,12,9,1,3,18900.0,56700.0,45833.05,10866.95
1257,2023-02-15,4,1,2,4,18000.0,72000.0,55299.41,16700.59
1258,2023-02-16,12,1,1,4,18100.0,72400.0,59447.67,12952.33
1259,2023-02-16,17,1,1,1,3800.0,3800.0,3041.58,758.42
1260,2023-02-16,20,7,1,3,4500.0,13500.0,10778.06,2721.94
1261,2023-02-16,11,9,1,4,16500.0,66000.0,38873.77,27126.23
1262,2023-02-16,9,6,3,3,15600.0,46800.0,29965.96,16834.04
1263,2023-02-16,8,7,4,1,12900.0,12900.0,9787.11,3112.89
1264,2023-02-16,9,2,1,1,15300.0,15300.0,9078.39,6221.61
1265,2023-02-16,10,2,1,2,10200.0,20400.0,16718.1,3681.9
1266,2023-02-16,1,2,4,3,20900.0,62700.0,38428.06,24271.94
1267,2023-02-16,5,1,1,3,25700.0,77100.0,63697.7,13402.3
1268,2023-02-16,12,1,1,4,20200.0,80800.0,47004.74,33795.26
1269,2023-02-17,4,2,3,5,24000.0,120000.0,76450.98,43549.02
1270,2023-02-17,14,1,1,1,18800.0,18800.0,15635.11,3164.89
1271,2023-02-17,15,4,4,4,16700.0,66800.0,48538.04,18261.96
1272,2023-02-17,16,7,3,4,4500.0,18000.0,14521.4,3478.6
1273,2023-02-17,6,10,2,3,15200.0,45600.0,35135.11,10464.89
1274,2023-02-18,18,9,5,3,4700.0,14100.0,10984.73,3115.27
1275,2023-02-18,16,4,1,1,4700.0,4700.0,3944.35,755.65
1276,2023-02-18,10,1,1,3,11900.0,35700.0,23293.88,12406.12
1277,2023-02-18,16,8,3,3,3200.0,9600.0,7627.05,1972.95
1278,2023-02-18,8,2,4,4,15000.0,60000.0,42479.44,17520.56
1279,2023-02-18,19,1,1,4,5200.0,20800.0,13510.69,7289.31
1280,2023-02-18,16,2,2,2,3900.0,7800.0,4618.25,3181.75
1281,2023-02-18,19,9,1,5,3000.0,15000.0,10866.35,4133.65
1282,2023-02-19,1,1,2,5,30300.0,151500.0,108500.3,42999.7
1283,2023-02-19,12,2,5,4,17400.0,69600.0,50340.64,19259.36
1284,2023-02-19,12,1,4,1,13300.0,13300.0,9063.41,4236.59
1285,2023-02-19,12,10,6,2,11800.0,23600.0,17207.0,6393.0
1286,2023-02-19,7,6,4,2,16400.0,32800.0,20352.79,12447.21
1287,2023-02-20,3,6,1,5,33200.0,166000.0,126878.5,39121.5
1288,2023-02-20,12,1,2,1,18600.0,18600.0,14164.72,4435.28
1289,2023-02-20,17,6,1,1,2900.0,2900.0,1925.16,974.84
1290,2023-02-20,7,9,4,3,10700.0,32100.0,21271.67,10828.33
1291,2023-02-20,3,2,1,2,31500.0,63000.0,48092.59,14907.41
1292,2023-02-20,15,1,1,4,15800.0,63200.0,49161.4,14038.6
1293,2023-02-20,17,9,4,3,4000.0,12000.0,9354.21,2645.79
1294,2023-02-20,18,4,1,5,2900.0,14500.0,10383.79,4116.21
1295,2023-02-21,15,1,2,1,13800.0,13800.0,10768.37,3031.63
1296,2023-02-21,3,3,4,3,25800.0,77400.0,53419.79,23980.21
1297,2023-02-21,1,2,2,2,28500.0,57000.0,34891.51,22108.49
1298,2023-02-21,5,3,6,4,18000.0,72000.0,53512.88,18487.12
1299,2023-02-21,16,1,4,5,3400.0,17000.0,13439.65,3560.35
1300,2023-02-21,15,4,2,1,18800.0,18800.0,14909.28,3890.72
1301,2023-02-21,16,1,6,5,5100.0,25500.0,21673.32,3826.68
1302,2023-02-21,6,2,1,5,8600.0,43000.0,33596.41,9403.59
1303,2023-02-22,6,1,4,1,13800.0,13800.0,9193.82,4606.18
1304,2023-02-22,2,1,4,5,21700.0,108500.0,89521.68,18978.32
1305,2023-02-22,1,1,4,4,29900.0,119600.0,86192.72,33407.28
1306,2023-02-22,6,7,1,1,9800.0,9800.0,5874.51,3925.49
1307,2023-02-22,19,8,1,2,4600.0,9200.0,6331.23,2868.77
1308,2023-02-24,4,4,4,2,25500.0,51000.0,40805.39,10194.61
1309,2023-02-24,16,4,1,3,4400.0,13200.0,9742.48,3457.52
1310,2023-02-24,17,5,3,4,4900.0,19600.0,14194.13,5405.87
1311,2023-02-24,19,1,1,5,2900.0,14500.0,11475.28,3024.72
1312,2023-02-24,16,2,1,1,4800.0,4800.0,3676.26,1123.74
1313,2023-02-24,7,4,1,2,13000.0,26000.0,19808.55,6191.45
1314,2023-02-25,14,9,5,4,20600.0,82400.0,58009.35,24390.65
1315,2023-02-25,15,4,1,4,13700.0,54800.0,43742.24,11057.76
1316,2023-02-25,18,9,1,4,4300.0,17200.0,10626.09,6573.91
1317,2023-02-25,16,1,1,4,2800.0,11200.0,7493.0,3707.0
1318,2023-02-25,15,8,4,2,10700.0,21400.0,14096.37,7303.63
1319,2023-02-25,16,2,1,1,5300.0,5300.0,4169.88,1130.12
1320,2023-02-26,1,1,4,1,28900.0,28900.0,23937.12,4962.88
1321,2023-02-26,15,6,1,2,16100.0,32200.0,27212.78,4987.22
1322,2023-02-26,4,1,2,2,34000.0,68000.0,43936.73,24063.27
1323,2023-02-26,15,7,1,3,11100.0,33300.0,26774.67,6525.33
1324,2023-02-26,4,4,2,2,30700.0,61400.0,40529.04,20870.96
1325,2023-02-26,13,6,1,2,14100.0,28200.0,19522.06,8677.94
1326,2023-02-26,4,2,4,2,21900.0,43800.0,31348.56,12451.44
1327,2023-02-26,2,1,1,2,30200.0,60400.0,37761.55,22638.45
1328,2023-02-27,11,10,4,3,11900.0,35700.0,26168.33,9531.67
1329,2023-02-27,19,2,1,4,3500.0,14000.0,8419.16,5580.84
1330,2023-02-27,5,1,4,2,33300.0,66600.0,50463.22,16136.78
1331,2023-02-27,16,4,4,4,4400.0,17600.0,13300.89,4299.11
1332,2023-02-27,19,2,1,4,3300.0,13200.0,10409.91,2790.09
1333,2023-02-28,15,4,1,5,14000.0,70000.0,56353.25,13646.75
1334,2023-02-28,20,9,4,2,3000.0,6000.0,4143.67,1856.33
1335,2023-02-28,20,7,1,5,4500.0,22500.0,18722.89,3777.11
1336,2023-02-28,7,9,1,5,12600.0,63000.0,50613.47,12386.53
1337,2023-02-28,4,5,1,3,33800.0,101400.0,74066.83,27333.17
1338,2023-02-28,5,10,4,3,19700.0,59100.0,44618.27,14481.73
1339,2023-02-28,8,2,1,3,9200.0,27600.0,18787.43,8812.57
1340,2023-02-28,4,8,5,5,17600.0,88000.0,66685.08,21314.92
1341,2023-02-28,18,2,3,3,3000.0,9000.0,5437.86,3562.14
1342,2023-02-28,1,6,4,5,27000.0,135000.0,102269.09,32730.91
1343,2023-02-28,18,1,5,5,4100.0,20500.0,13479.84,7020.16
1344,2023-02-28,17,1,4,1,3500.0,3500.0,2949.37,550.63
1345,2023-03-01,6,1,4,4,10100.0,40400.0,23506.61,16893.39
1346,2023-03-01,2,9,4,3,34500.0,103500.0,68424.42,35075.58
1347,2023-03-01,14,4,4,5,13900.0,69500.0,53687.09,15812.91
1348,2023-03-01,3,4,6,1,29200.0,29200.0,22927.13,6272.87
1349,2023-03-01,11,9,4,2,12900.0,25800.0,19508.48,6291.52
1350,2023-03-01,2,6,1,1,27500.0,27500.0,21805.03,5694.97
1351,2023-03-01,15,2,1,2,11900.0,23800.0,15190.25,8609.75
1352,2023-03-01,7,2,4,1,15600.0,15600.0,12747.04,2852.96
1353,2023-03-01,4,1,2,5,22000.0,110000.0,84101.52,25898.48
1354,2023-03-02,5,3,4,1,34300.0,34300.0,26212.08,8087.92
1355,2023-03-02,15,2,1,1,13900.0,13900.0,9426.44,4473.56
1356,2023-03-02,12,5,1,4,14600.0,58400.0,37089.34,21310.66
1357,2023-03-02,4,2,4,3,18300.0,54900.0,40719.92,14180.08
1358,2023-03-02,1,6,4,5,30700.0,153500.0,118054.92,35445.08
1359,2023-03-02,1,7,4,5,27300.0,136500.0,113274.25,23225.75
1360,2023-03-03,7,5,1,2,11300.0,22600.0,15871.12,6728.88
1361,2023-03-03,10,3,4,4,14800.0,59200.0,41726.67,17473.33
1362,2023-03-03,9,1,1,4,10300.0,41200.0,28501.1,12698.9
1363,2023-03-03,5,2,1,2,30000.0,60000.0,39897.39,20102.61
1364,2023-03-03,3,10,4,5,29700.0,148500.0,93490.15,55009.85
1365,2023-03-03,13,1,5,1,18200.0,18200.0,14128.82,4071.18
1366,2023-03-03,14,9,4,1,17000.0,17000.0,12703.59,4296.41
1367,2023-03-03,5,4,1,1,30700.0,30700.0,19528.78,11171.22
1368,2023-03-04,2,2,4,5,23000.0,115000.0,84252.38,30747.62
1369,2023-03-04,2,1,4,4,24600.0,98400.0,58886.6,39513.4
1370,2023-03-04,17,2,1,5,4600.0,23000.0,19123.88,3876.12
1371,2023-03-04,1,1,6,5,33000.0,165000.0,121483.99,43516.01
1372,2023-03-05,5,2,3,4,31800.0,127200.0,102611.71,24588.29
1373,2023-03-05,19,2,2,1,3900.0,3900.0,2830.05,1069.95
1374,2023-03-05,1,7,2,4,32200.0,128800.0,97073.99,31726.01
1375,2023-03-05,5,1,5,3,21100.0,63300.0,42412.41,20887.59
1376,2023-03-05,8,3,2,5,11800.0,59000.0,41076.42,17923.58
1377,2023-03-06,20,2,1,1,5000.0,5000.0,4086.87,913.13
1378,2023-03-06,4,1,4,4,19300.0,77200.0,51326.38,25873.62
1379,2023-03-06,2,1,4,5,31300.0,156500.0,127215.2,29284.8
1380,2023-03-06,4,6,1,4,33300.0,133200.0,108648.69,24551.31
1381,2023-03-06,18,6,1,1,4100.0,4100.0,2547.9,1552.1
1382,2023-03-06,16,10,1,5,3600.0,18000.0,10497.6,7502.4
1383,2023-03-06,5,1,5,2,31700.0,63400.0,40617.18,22782.82
1384,2023-03-06,4,1,4,3,30300.0,90900.0,67871.34,23028.66
1385,2023-03-06,10,6,2,5,8600.0,43000.0,34441.68,8558.32
1386,2023-03-06,12,4,4,3,11000.0,33000.0,21915.33,11084.67
1387,2023-03-06,3,2,4,2,24400.0,48800.0,36682.03,12117.97
1388,2023-03-06,6,6,1,4,12400.0,49600.0,34504.22,15095.78
1389,2023-03-07,8,2,4,1,13400.0,13400.0,9539.41,3860.59
1390,2023-03-07,6,7,5,1,13700.0,13700.0,8953.03,4746.97
1391,2023-03-07,11,10,1,1,18000.0,18000.0,14927.83,3072.17
1392,2023-03-07,2,9,1,5,24600.0,123000.0,95411.49,27588.51
1393,2023-03-07,1,7,1,1,34000.0,34000.0,24242.44,9757.56
1394,2023-03-07,10,2,4,5,13000.0,65000.0,46099.94,18900.06
1395,2023-03-08,7,4,2,2,15600.0,31200.0,25877.49,5322.51
1396,2023-03-08,13,4,1,3,20000.0,60000.0,41374.44,18625.56
1397,2023-03-08,17,8,1,1,3100.0,3100.0,2092.59,1007.41
1398,2023-03-08,13,1,5,5,14800.0,74000.0,60601.05,13398.95
1399,2023-03-08,17,1,1,5,4800.0,24000.0,14467.53,9532.47
1400,2023-03-08,20,1,1,3,3900.0,11700.0,8399.29,3300.71
1401,2023-03-08,18,5,1,4,2900.0,11600.0,9309.35,2290.65
1402,2023-03-08,14,10,4,1,15600.0,15600.0,9974.56,5625.44
1403,2023-03-08,16,9,1,4,3800.0,15200.0,8862.89,6337.11
1404,2023-03-09,20,1,4,2,5400.0,10800.0,9171.46,1628.54
1405,2023-03-09,19,6,2,4,4300.0,17200.0,14419.64,2780.36
1406,2023-03-09,3,1,4,1,21500.0,21500.0,13636.88,7863.12
1407,2023-03-09,6,1,5,3,14800.0,44400.0,36935.27,7464.73
1408,2023-03-09,14,4,4,5,11100.0,55500.0,40714.04,14785.96
1409,2023-03-09,2,5,1,5,34100.0,170500.0,121670.82,48829.18
1410,2023-03-09,12,2,4,5,12800.0,64000.0,40202.65,23797.35
1411,2023-03-09,15,4,4,4,13700.0,54800.0,44710.93,10089.07
1412,2023-03-09,20,6,2,2,4500.0,9000.0,7359.19,1640.81
1413,2023-03-10,9,1,5,1,16400.0,16400.0,11479.71,4920.29
1414,2023-03-10,7,3,1,3,9400.0,28200.0,20911.23,7288.77
1415,2023-03-10,12,1,2,3,14900.0,44700.0,33535.69,11164.31
1416,2023-03-10,4,9,4,5,19200.0,96000.0,56603.94,39396.06
1417,2023-03-10,14,6,4,5,15500.0,77500.0,59197.63,18302.37
1418,2023-03-10,1,1,2,3,21100.0,63300.0,40211.56,23088.44
1419,2023-03-10,18,1,2,3,3300.0,9900.0,7002.66,2897.34
1420,2023-03-10,12,1,1,2,12100.0,24200.0,18675.16,5524.84
1421,2023-03-11,11,8,4,3,14100.0,42300.0,35003.28,7296.72
1422,2023-03-11,4,6,1,1,29000.0,29000.0,24042.37,4957.63
1423,2023-03-11,14,6,4,5,11000.0,55000.0,44325.13,10674.87
1424,2023-03-11,5,4,6,1,21900.0,21900.0,16721.51,5178.49
1425,2023-03-11,19,2,4,5,5100.0,25500.0,20260.76,5239.24
1426,2023-03-11,10,10,4,4,8700.0,34800.0,27417.5,7382.5
1427,2023-03-11,16,4,2,4,5500.0,22000.0,18349.87,3650.13
1428,2023-03-11,10,1,4,2,11200.0,22400.0,18586.18,3813.82
1429,2023-03-11,20,8,4,1,3700.0,3700.0,3036.73,663.27
1430,2023-03-12,19,2,6,1,3100.0,3100.0,2620.03,479.97
1431,2023-03-12,16,2,1,2,3200.0,6400.0,4864.51,1535.49
1432,2023-03-12,16,2,2,3,4100.0,12300.0,8134.58,4165.42
1433,2023-03-12,4,1,1,4,22800.0,91200.0,76155.07,15044.93
1434,2023-03-12,18,5,4,1,2800.0,2800.0,2154.59,645.41
1435,2023-03-12,7,10,5,5,16600.0,83000.0,64651.28,18348.72
1436,2023-03-12,20,2,1,4,4500.0,18000.0,14037.41,3962.59
1437,2023-03-12,12,1,2,3,19500.0,58500.0,41334.14,17165.86
1438,2023-03-12,14,9,1,3,14700.0,44100.0,28076.91,16023.09
1439,2023-03-12,3,4,4,5,18000.0,90000.0,55518.41,34481.59
1440,2023-03-12,11,1,4,5,20000.0,100000.0,58162.15,41837.85
1441,2023-03-12,4,2,4,1,27100.0,27100.0,16221.52,10878.48
1442,2023-03-12,17,2,1,1,4000.0,4000.0,3322.08,677.92
1443,2023-03-13,15,4,1,5,20100.0,100500.0,59254.06,41245.94
1444,2023-03-13,19,1,4,5,5000.0,25000.0,15808.5,9191.5
1445,2023-03-13,12,1,1,3,12100.0,36300.0,27789.92,8510.08
1446,2023-03-13,17,7,3,2,3300.0,6600.0,4326.22,2273.78
1447,2023-03-13,8,1,5,5,12600.0,63000.0,49635.65,13364.35
1448,2023-03-13,20,5,4,2,5100.0,10200.0,6931.95,3268.05
1449,2023-03-14,20,1,3,1,3600.0,3600.0,2157.55,1442.45
1450,2023-03-14,13,1,3,3,11200.0,33600.0,23316.56,10283.44
1451,2023-03-14,7,10,1,1,8500.0,8500.0,5535.78,2964.22
1452,2023-03-14,17,1,3,5,4300.0,21500.0,17095.29,4404.71
1453,2023-03-14,6,4,4,4,12200.0,48800.0,40761.24,8038.76
1454,2023-03-14,13,9,1,1,12000.0,12000.0,8826.7,3173.3
1455,2023-03-14,14,6,1,1,13300.0,13300.0,11013.11,2286.89
1456,2023-03-14,16,1,4,3,3700.0,11100.0,9339.05,1760.95
1457,2023-03-14,12,2,4,3,14100.0,42300.0,26061.66,16238.34
1458,2023-03-14,13,8,3,3,17900.0,53700.0,39162.4,14537.6
1459,2023-03-15,3,6,1,2,33700.0,67400.0,53548.57,13851.43
1460,2023-03-15,18,5,1,3,3000.0,9000.0,6652.21,2347.79
1461,2023-03-15,19,9,4,5,4000.0,20000.0,13120.48,6879.52
1462,2023-03-15,15,1,4,5,17000.0,85000.0,66760.01,18239.99
1463,2023-03-15,20,1,1,4,3000.0,12000.0,7379.82,4620.18
1464,2023-03-15,4,2,1,1,22700.0,22700.0,16120.0,6580.0
1465,2023-03-15,20,1,1,4,3300.0,13200.0,9010.46,4189.54
1466,2023-03-15,15,4,5,1,12800.0,12800.0,7674.99,5125.01
1467,2023-03-16,17,1,1,2,4000.0,8000.0,6076.55,1923.45
1468,2023-03-16,11,2,4,4,20500.0,82000.0,69240.65,12759.35
1469,2023-03-16,16,2,3,4,4600.0,18400.0,11202.67,7197.33
1470,2023-03-16,2,4,5,3,28300.0,84900.0,57029.94,27870.06
1471,2023-03-16,8,4,3,1,14900.0,14900.0,11521.0,3379.0
1472,2023-03-17,12,9,5,5,20800.0,104000.0,68542.31,35457.69
1473,2023-03-17,19,2,4,2,3900.0,7800.0,5230.76,2569.24
1474,2023-03-17,6,1,4,2,14300.0,28600.0,16685.73,11914.27
1475,2023-03-17,4,4,4,2,31400.0,62800.0,45633.48,17166.52
1476,2023-03-18,15,7,6,5,17300.0,86500.0,72135.95,14364.05
1477,2023-03-18,4,1,3,1,32700.0,32700.0,22553.97,10146.03
1478,2023-03-18,9,1,5,2,15100.0,30200.0,20057.97,10142.03
1479,2023-03-19,20,1,1,3,3700.0,11100.0,6874.19,4225.81
1480,2023-03-19,2,9,6,3,17500.0,52500.0,33265.68,19234.32
1481,2023-03-19,14,6,4,5,17500.0,87500.0,54986.39,32513.61
1482,2023-03-19,11,2,1,5,11800.0,59000.0,49599.46,9400.54
1483,2023-03-19,10,1,4,5,9500.0,47500.0,37409.93,10090.07
1484,2023-03-19,16,1,1,1,4200.0,4200.0,3317.04,882.96
1485,2023-03-20,16,10,1,1,3800.0,3800.0,2245.04,1554.96
1486,2023-03-20,4,4,1,4,19000.0,76000.0,45659.19,30340.81
1487,2023-03-20,19,2,1,5,3900.0,19500.0,12117.49,7382.51
1488,2023-03-20,5,6,1,3,27100.0,81300.0,56766.94,24533.06
1489,2023-03-20,15,1,1,4,15900.0,63600.0,52797.75,10802.25
1490,2023-03-20,8,8,1,2,9900.0,19800.0,13260.15,6539.85
1491,2023-03-20,5,1,2,1,31300.0,31300.0,23480.44,7819.56
1492,2023-03-20,15,1,3,1,18000.0,18000.0,13720.32,4279.68
1493,2023-03-20,8,1,4,2,11900.0,23800.0,19112.55,4687.45
1494,2023-03-20,7,1,1,5,12400.0,62000.0,45121.46,16878.54
1495,2023-03-21,7,2,4,1,9800.0,9800.0,5776.06,4023.94
1496,2023-03-21,5,7,4,2,33800.0,67600.0,43707.24,23892.76
1497,2023-03-21,11,1,4,2,12900.0,25800.0,15258.23,10541.77
1498,2023-03-21,11,1,1,1,19000.0,19000.0,15844.43,3155.57
1499,2023-03-21,2,1,1,2,34000.0,68000.0,53504.89,14495.11
1500,2023-03-21,11,2,1,4,14200.0,56800.0,47331.58,9468.42
1501,2023-03-21,16,5,4,1,3900.0,3900.0,3094.32,805.68
1502,2023-03-21,16,1,1,3,4100.0,12300.0,7864.38,4435.62
1503,2023-03-21,19,2,3,3,4900.0,14700.0,9993.74,4706.26
1504,2023-03-22,9,9,1,4,10100.0,40400.0,33678.14,6721.86
1505,2023-03-22,9,8,4,1,12100.0,12100.0,9515.44,2584.56
1506,2023-03-22,1,10,1,5,31000.0,155000.0,120723.56,34276.44
1507,2023-03-22,15,4,2,2,20900.0,41800.0,35234.47,6565.53
1508,2023-03-22,2,2,1,1,32900.0,32900.0,19147.38,13752.62
1509,2023-03-23,1,2,1,3,18000.0,54000.0,41626.78,12373.22
1510,2023-03-23,5,1,2,4,31600.0,126400.0,86234.1,40165.9
1511,2023-03-23,15,4,1,2,16600.0,33200.0,22719.03,10480.97
1512,2023-03-23,11,1,6,5,18000.0,90000.0,69880.27,20119.73
1513,2023-03-23,2,5,5,5,27400.0,137000.0,94600.15,42399.85
1514,2023-03-23,18,4,4,4,4800.0,19200.0,11174.01,8025.99
1515,2023-03-24,16,10,4,4,5400.0,21600.0,15417.65,6182.35
1516,2023-03-24,18,3,5,4,5200.0,20800.0,13739.12,7060.88
1517,2023-03-24,5,10,1,2,24700.0,49400.0,32420.81,16979.19
1518,2023-03-24,2,2,1,2,33200.0,66400.0,54839.82,11560.18
1519,2023-03-24,13,9,2,2,16400.0,32800.0,23638.63,9161.37
1520,2023-03-24,19,1,5,1,3800.0,3800.0,2524.01,1275.99
1521,2023-03-24,16,1,4,3,5000.0,15000.0,10823.16,4176.84
1522,2023-03-25,14,2,1,4,18700.0,74800.0,43557.49,31242.51
1523,2023-03-25,2,1,1,1,19400.0,19400.0,15176.58,4223.42
1524,2023-03-25,5,4,4,4,28100.0,112400.0,95016.42,17383.58
1525,2023-03-25,7,4,1,5,10500.0,52500.0,44059.84,8440.16
1526,2023-03-25,16,2,1,2,3700.0,7400.0,5597.64,1802.36
1527,2023-03-26,15,1,2,1,17000.0,17000.0,11740.71,5259.29
1528,2023-03-26,7,2,2,4,12300.0,49200.0,32743.58,16456.42
1529,2023-03-26,16,2,5,4,4400.0,17600.0,14064.15,3535.85
1530,2023-03-26,9,4,5,4,8800.0,35200.0,27040.9,8159.1
1531,2023-03-27,7,1,4,1,13000.0,13000.0,9683.05,3316.95
1532,2023-03-27,9,2,4,3,10200.0,30600.0,18680.37,11919.63
1533,2023-03-27,6,1,4,4,13700.0,54800.0,35328.67,19471.33
1534,2023-03-27,14,1,4,1,18200.0,18200.0,10930.7,7269.3
1535,2023-03-27,4,9,1,4,31800.0,127200.0,106285.16,20914.84
1536,2023-03-27,8,1,1,3,11700.0,35100.0,23912.9,11187.1
1537,2023-03-27,7,1,4,2,8700.0,17400.0,11018.04,6381.96
1538,2023-03-27,1,1,1,1,31300.0,31300.0,21906.53,9393.47
1539,2023-03-28,11,9,1,5,19800.0,99000.0,59254.65,39745.35
1540,2023-03-29,17,10,4,1,5100.0,5100.0,4050.88,1049.12
1541,2023-03-29,18,6,4,3,4600.0,13800.0,9135.81,4664.19
1542,2023-03-29,3,2,1,5,26400.0,132000.0,101284.66,30715.34
1543,2023-03-29,5,5,2,2,25200.0,50400.0,35823.98,14576.02
1544,2023-03-29,1,1,1,2,25300.0,50600.0,36722.04,13877.96
1545,2023-03-29,19,1,5,4,4500.0,18000.0,13652.82,4347.18
1546,2023-03-30,10,10,1,2,15100.0,30200.0,23984.63,6215.37
1547,2023-03-30,4,1,4,3,23100.0,69300.0,53463.22,15836.78
1548,2023-03-30,13,10,3,3,11700.0,35100.0,26204.25,8895.75
1549,2023-03-30,7,1,5,1,14100.0,14100.0,11164.6,2935.4
1550,2023-03-30,7,2,4,3,10100.0,30300.0,17775.48,12524.52
1551,2023-03-30,10,6,3,2,8800.0,17600.0,11802.52,5797.48
1552,2023-03-30,10,1,2,4,9800.0,39200.0,29943.31,9256.69
1553,2023-03-31,19,10,4,2,3000.0,6000.0,4434.18,1565.82
1554,2023-03-31,11,1,4,4,11600.0,46400.0,34630.06,11769.94
1555,2023-03-31,2,3,1,5,22900.0,114500.0,66997.86,47502.14
1556,2023-03-31,17,1,4,1,2800.0,2800.0,2049.62,750.38
1557,2023-03-31,2,4,1,1,28400.0,28400.0,18300.73,10099.27
1558,2023-03-31,12,8,4,4,19400.0,77600.0,53610.55,23989.45
1559,2023-03-31,20,10,5,2,4300.0,8600.0,5057.52,3542.48
1560,2023-04-01,16,1,1,3,3300.0,9900.0,5890.47,4009.53
1561,2023-04-01,6,8,1,1,14600.0,14600.0,11329.96,3270.04
1562,2023-04-01,5,2,4,5,22300.0,111500.0,74680.58,36819.42
1563,2023-04-01,2,9,4,2,28600.0,57200.0,43816.61,13383.39
1564,2023-04-01,9,5,4,5,11100.0,55500.0,35927.51,19572.49
1565,2023-04-01,8,1,1,1,8400.0,8400.0,5642.03,2757.97
1566,2023-04-02,9,1,1,1,14400.0,14400.0,11760.16,2639.84
1567,2023-04-02,20,1,1,3,4500.0,13500.0,9171.42,4328.58
1568,2023-04-02,13,1,4,5,15100.0,75500.0,59568.02,15931.98
1569,2023-04-02,12,1,5,2,19100.0,38200.0,26286.46,11913.54
1570,2023-04-02,6,1,4,3,12700.0,38100.0,26464.23,11635.77
1571,2023-04-02,1,1,4,3,18300.0,54900.0,34809.04,20090.96
1572,2023-04-02,1,5,5,2,24700.0,49400.0,41977.98,7422.02
1573,2023-04-02,16,1,1,1,5100.0,5100.0,3396.44,1703.56
1574,2023-04-02,18,4,4,3,3400.0,10200.0,5996.77,4203.23
1575,2023-04-02,11,6,1,3,17500.0,52500.0,41399.56,11100.44
1576,2023-04-02,20,1,1,2,5000.0,10000.0,6219.85,3780.15
1577,2023-04-02,14,4,5,4,19200.0,76800.0,57294.05,19505.95
1578,2023-04-03,12,7,1,1,14100.0,14100.0,9326.23,4773.77
1579,2023-04-03,13,1,4,3,12400.0,37200.0,28618.98,8581.02
1580,2023-04-03,12,1,4,4,13700.0,54800.0,40728.22,14071.78
1581,2023-04-03,10,1,4,2,8500.0,17000.0,13015.37,3984.63
1582,2023-04-03,3,1,4,4,31500.0,126000.0,101717.74,24282.26
1583,2023-04-03,18,1,2,3,4100.0,12300.0,8360.31,3939.69
1584,2023-04-04,1,2,1,3,33800.0,101400.0,73975.86,27424.14
1585,2023-04-04,4,9,2,1,20100.0,20100.0,14262.5,5837.5
1586,2023-04-04,8,1,4,1,11300.0,11300.0,8740.33,2559.67
1587,2023-04-04,17,2,4,5,3500.0,17500.0,10507.28,6992.72
1588,2023-04-04,16,10,4,1,5400.0,5400.0,3360.34,2039.66
1589,2023-04-05,15,10,1,4,15100.0,60400.0,40511.32,19888.68
1590,2023-04-05,10,9,4,2,9100.0,18200.0,13486.58,4713.42
1591,2023-04-05,2,1,1,1,23800.0,23800.0,16809.17,6990.83
1592,2023-04-05,3,1,1,2,27000.0,54000.0,36127.3,17872.7
1593,2023-04-05,2,9,4,4,29200.0,116800.0,72576.07,44223.93
1594,2023-04-05,1,1,1,4,30800.0,123200.0,80954.08,42245.92
1595,2023-04-05,11,3,6,3,14200.0,42600.0,32227.34,10372.66
1596,2023-04-05,14,3,5,3,20800.0,62400.0,52112.27,10287.73
1597,2023-04-05,13,2,1,5,11900.0,59500.0,39661.52,19838.48
1598,2023-04-05,15,4,4,3,12100.0,36300.0,26796.54,9503.46
1599,2023-04-05,8,6,1,1,11000.0,11000.0,8574.74,2425.26
1600,2023-04-05,3,1,4,1,20100.0,20100.0,15224.87,4875.13
1601,2023-04-05,20,10,1,4,2900.0,11600.0,7649.03,3950.97
1602,2023-04-05,11,2,4,2,16400.0,32800.0,26251.13,6548.87
1603,2023-04-06,18,7,3,2,2800.0,5600.0,3868.24,1731.76
1604,2023-04-06,11,1,1,4,13800.0,55200.0,40603.52,14596.48
1605,2023-04-06,17,4,3,4,3300.0,13200.0,8869.39,4330.61
1606,2023-04-06,15,10,1,4,13400.0,53600.0,37951.5,15648.5
1607,2023-04-07,2,5,2,4,18700.0,74800.0,50982.09,23817.91
1608,2023-04-07,4,8,4,3,31400.0,94200.0,67404.79,26795.21
1609,2023-04-07,7,2,2,4,13500.0,54000.0,38674.01,15325.99
1610,2023-04-07,2,4,1,1,22300.0,22300.0,17669.59,4630.41
1611,2023-04-07,14,1,1,1,18500.0,18500.0,10758.58,7741.42
1612,2023-04-08,13,1,2,1,14100.0,14100.0,11352.93,2747.07
1613,2023-04-08,11,7,4,5,11300.0,56500.0,36547.84,19952.16
1614,2023-04-08,10,1,4,3,15100.0,45300.0,29230.42,16069.58
1615,2023-04-08,12,4,4,4,13500.0,54000.0,35382.08,18617.92
1616,2023-04-08,12,9,2,5,17000.0,85000.0,64713.4,20286.6
1617,2023-04-09,9,2,1,1,12500.0,12500.0,10396.65,2103.35
1618,2023-04-09,2,3,2,3,30700.0,92100.0,57389.61,34710.39
1619,2023-04-10,7,10,1,5,15700.0,78500.0,46916.64,31583.36
1620,2023-04-10,5,4,1,5,30300.0,151500.0,125433.28,26066.72
1621,2023-04-10,16,1,4,2,5100.0,10200.0,8655.67,1544.33
1622,2023-04-10,12,9,1,4,15100.0,60400.0,47924.72,12475.28
1623,2023-04-10,1,10,1,2,34000.0,68000.0,53995.2,14004.8
1624,2023-04-11,1,6,2,1,31300.0,31300.0,18824.23,12475.77
1625,2023-04-11,9,1,2,5,13400.0,67000.0,41468.51,25531.49
1626,2023-04-11,5,2,1,3,19800.0,59400.0,35625.83,23774.17
1627,2023-04-11,5,9,4,2,30900.0,61800.0,38282.42,23517.58
1628,2023-04-11,9,9,1,2,9900.0,19800.0,14837.71,4962.29
1629,2023-04-12,17,2,4,3,4300.0,12900.0,9860.77,3039.23
1630,2023-04-12,4,1,6,2,28800.0,57600.0,36455.52,21144.48
1631,2023-04-12,14,10,2,4,16800.0,67200.0,44815.05,22384.95
1632,2023-04-12,9,1,1,5,12900.0,64500.0,44129.17,20370.83
1633,2023-04-12,9,9,4,4,14900.0,59600.0,36010.58,23589.42
1634,2023-04-13,2,2,1,3,21700.0,65100.0,47802.58,17297.42
1635,2023-04-13,19,9,1,2,4900.0,9800.0,5953.77,3846.23
1636,2023-04-13,15,1,5,4,16500.0,66000.0,38789.16,27210.84
1637,2023-04-13,2,1,1,4,19500.0,78000.0,61242.7,16757.3
1638,2023-04-13,6,4,2,2,10900.0,21800.0,16865.17,4934.83
1639,2023-04-13,17,2,3,5,4700.0,23500.0,13632.61,9867.39
1640,2023-04-14,9,2,2,2,15400.0,30800.0,25265.33,5534.67
1641,2023-04-14,14,1,1,3,13600.0,40800.0,28963.16,11836.84
1642,2023-04-14,19,9,2,2,5300.0,10600.0,8897.17,1702.83
1643,2023-04-14,11,4,1,1,13100.0,13100.0,8632.29,4467.71
1644,2023-04-14,19,10,2,2,4400.0,8800.0,6294.74,2505.26
1645,2023-04-15,12,1,5,4,19900.0,79600.0,65853.24,13746.76
1646,2023-04-15,10,4,4,1,11400.0,11400.0,8016.79,3383.21
1647,2023-04-15,1,5,1,2,32100.0,64200.0,48264.3,15935.7
1648,2023-04-15,4,2,1,5,21700.0,108500.0,85665.82,22834.18
1649,2023-04-15,20,1,1,2,3900.0,7800.0,6196.71,1603.29
1650,2023-04-15,8,1,4,4,10500.0,42000.0,33340.67,8659.33
1651,2023-04-15,2,1,4,5,18200.0,91000.0,76042.93,14957.07
1652,2023-04-16,14,1,1,4,19500.0,78000.0,53405.95,24594.05
1653,2023-04-16,12,2,1,5,16700.0,83500.0,68149.96,15350.04
1654,2023-04-16,3,5,1,3,31400.0,94200.0,56118.08,38081.92
1655,2023-04-16,1,4,1,5,21800.0,109000.0,67398.16,41601.84
1656,2023-04-16,17,6,1,4,5500.0,22000.0,15953.45,6046.55
1657,2023-04-17,1,2,1,1,30700.0,30700.0,24938.79,5761.21
1658,2023-04-17,18,1,4,2,3000.0,6000.0,4955.63,1044.37
1659,2023-04-17,19,2,5,1,2900.0,2900.0,1829.0,1071.0
1660,2023-04-17,12,6,2,4,15100.0,60400.0,38948.15,21451.85
1661,2023-04-17,13,1,2,5,15700.0,78500.0,53300.84,25199.16
1662,2023-04-18,7,1,1,2,9900.0,19800.0,12443.27,7356.73
1663,2023-04-18,6,1,6,4,15200.0,60800.0,49397.29,11402.71
1664,2023-04-18,9,1,1,1,10800.0,10800.0,7187.84,3612.16
1665,2023-04-18,5,4,1,3,22000.0,66000.0,54586.83,11413.17
1666,2023-04-18,19,8,3,4,2900.0,11600.0,7823.68,3776.32
1667,2023-04-18,3,9,4,3,23200.0,69600.0,54209.19,15390.81
1668,2023-04-19,19,2,4,5,3300.0,16500.0,13361.28,3138.72
1669,2023-04-19,2,10,1,4,18800.0,75200.0,53470.72,21729.28
1670,2023-04-19,12,10,4,4,18200.0,72800.0,46577.86,26222.14
1671,2023-04-19,17,9,4,5,3600.0,18000.0,10952.52,7047.48
1672,2023-04-19,15,2,5,1,17300.0,17300.0,12092.0,5208.0
1673,2023-04-19,13,2,4,5,17000.0,85000.0,70951.36,14048.64
1674,2023-04-19,1,1,3,2,29900.0,59800.0,43825.32,15974.68
1675,2023-04-20,9,9,2,4,12300.0,49200.0,32774.37,16425.63
1676,2023-04-20,10,9,1,4,11200.0,44800.0,26305.38,18494.62
1677,2023-04-20,15,8,1,5,17000.0,85000.0,52223.44,32776.56
1678,2023-04-20,17,8,1,1,4400.0,4400.0,2937.82,1462.18
1679,2023-04-20,8,4,1,3,13700.0,41100.0,33575.22,7524.78
1680,2023-04-20,19,1,4,3,4500.0,13500.0,9639.7,3860.3
1681,2023-04-20,20,9,4,3,3600.0,10800.0,8659.74,2140.26
1682,2023-04-21,7,4,3,1,10500.0,10500.0,7513.03,2986.97
1683,2023-04-21,20,2,3,1,4500.0,4500.0,2886.24,1613.76
1684,2023-04-21,10,2,2,3,14400.0,43200.0,30646.94,12553.06
1685,2023-04-21,17,2,1,3,2900.0,8700.0,5342.66,3357.34
1686,2023-04-21,13,5,1,3,20900.0,62700.0,49465.13,13234.87
1687,2023-04-21,12,1,1,5,12800.0,64000.0,47384.19,16615.81
1688,2023-04-22,11,1,1,4,16000.0,64000.0,41247.5,22752.5
1689,2023-04-22,1,1,1,4,31200.0,124800.0,97755.1,27044.9
1690,2023-04-22,3,4,1,2,18000.0,36000.0,23101.42,12898.58
1691,2023-04-22,12,2,4,1,15400.0,15400.0,9491.82,5908.18
1692,2023-04-22,7,1,2,5,15000.0,75000.0,62864.43,12135.57
1693,2023-04-23,1,1,1,3,21300.0,63900.0,43948.25,19951.75
1694,2023-04-23,6,8,1,4,9100.0,36400.0,25212.65,11187.35
1695,2023-04-23,6,6,1,4,13800.0,55200.0,36004.85,19195.15
1696,2023-04-23,4,1,4,3,30100.0,90300.0,57051.63,33248.37
1697,2023-04-23,6,10,4,3,13400.0,40200.0,24785.39,15414.61
1698,2023-04-23,5,1,4,4,28100.0,112400.0,69422.75,42977.25
1699,2023-04-24,18,4,5,1,3900.0,3900.0,2949.93,950.07
1700,2023-04-24,7,2,6,2,11000.0,22000.0,17988.83,4011.17
1701,2023-04-24,11,1,2,1,16700.0,16700.0,11244.58,5455.42
1702,2023-04-24,15,9,1,3,19400.0,58200.0,48878.62,9321.38
1703,2023-04-24,1,4,1,4,18200.0,72800.0,42650.23,30149.77
1704,2023-04-24,19,9,5,2,4200.0,8400.0,6468.38,1931.62
1705,2023-04-24,4,4,2,1,25600.0,25600.0,21313.63,4286.37
1706,2023-04-24,3,1,1,4,23600.0,94400.0,69152.75,25247.25
1707,2023-04-24,19,6,1,4,3000.0,12000.0,7483.56,4516.44
1708,2023-04-25,6,1,6,3,11500.0,34500.0,23586.41,10913.59
1709,2023-04-25,12,9,2,3,15000.0,45000.0,33072.08,11927.92
1710,2023-04-25,16,1,5,2,5400.0,10800.0,6841.44,3958.56
1711,2023-04-26,16,2,1,1,5400.0,5400.0,3755.44,1644.56
1712,2023-04-26,5,1,2,5,23100.0,115500.0,78061.62,37438.38
1713,2023-04-26,7,9,1,4,16800.0,67200.0,48724.58,18475.42
1714,2023-04-26,20,6,1,5,5000.0,25000.0,17105.98,7894.02
1715,2023-04-26,19,8,5,1,3900.0,3900.0,2925.26,974.74
1716,2023-04-27,6,10,1,2,10900.0,21800.0,17458.08,4341.92
1717,2023-04-27,5,2,1,1,19100.0,19100.0,13349.8,5750.2
1718,2023-04-27,1,8,1,2,26600.0,53200.0,42095.3,11104.7
1719,2023-04-27,15,8,1,2,17100.0,34200.0,20794.17,13405.83
1720,2023-04-27,5,1,4,2,27100.0,54200.0,37191.52,17008.48
1721,2023-04-28,11,1,4,2,17700.0,35400.0,30033.72,5366.28
1722,2023-04-28,15,6,1,4,11800.0,47200.0,37600.56,9599.44
1723,2023-04-28,16,4,1,2,4100.0,8200.0,4936.62,3263.38
1724,2023-04-28,15,1,2,5,15800.0,79000.0,65162.25,13837.75
1725,2023-04-28,3,4,1,1,33600.0,33600.0,20478.98,13121.02
1726,2023-04-28,2,2,4,5,33900.0,169500.0,136545.76,32954.24
1727,2023-04-28,3,10,2,1,27600.0,27600.0,19717.56,7882.44
1728,2023-04-28,9,5,1,3,12400.0,37200.0,30628.87,6571.13
1729,2023-04-29,6,1,4,3,12800.0,38400.0,31139.48,7260.52
1730,2023-04-29,10,3,3,3,10600.0,31800.0,20436.51,11363.49
1731,2023-04-29,3,7,4,3,18500.0,55500.0,32205.89,23294.11
1732,2023-04-29,11,5,1,5,15900.0,79500.0,63785.88,15714.12
1733,2023-04-29,11,9,4,2,18900.0,37800.0,31124.29,6675.71
1734,2023-04-29,6,1,1,1,16600.0,16600.0,11857.19,4742.81
1735,2023-04-29,13,7,2,2,17900.0,35800.0,24832.81,10967.19
1736,2023-04-29,12,6,1,1,10900.0,10900.0,8721.17,2178.83
1737,2023-04-29,10,2,1,5,11800.0,59000.0,44681.64,14318.36
1738,2023-04-30,12,9,3,2,18000.0,36000.0,24209.59,11790.41
1739,2023-04-30,20,1,3,5,3200.0,16000.0,10828.73,5171.27
1740,2023-04-30,8,1,4,4,16300.0,65200.0,55385.65,9814.35
1741,2023-04-30,20,2,2,1,2900.0,2900.0,2074.32,825.68
1742,2023-04-30,11,1,4,4,13300.0,53200.0,43516.72,9683.28
1743,2023-05-01,20,1,1,4,4600.0,18400.0,15459.35,2940.65
1744,2023-05-01,15,1,6,4,17700.0,70800.0,43652.79,27147.21
1745,2023-05-01,13,1,1,5,11100.0,55500.0,39963.44,15536.56
1746,2023-05-01,16,2,1,4,5500.0,22000.0,13681.0,8319.0
1747,2023-05-01,6,1,2,4,8900.0,35600.0,21356.29,14243.71
1748,2023-05-01,3,8,4,2,22300.0,44600.0,27130.54,17469.46
1749,2023-05-02,7,6,3,2,14900.0,29800.0,22842.34,6957.66
1750,2023-05-02,11,1,1,2,16400.0,32800.0,19231.77,13568.23
1751,2023-05-02,17,7,1,1,5000.0,5000.0,4119.32,880.68
1752,2023-05-03,4,4,4,5,27400.0,137000.0,79660.76,57339.24
1753,2023-05-04,4,2,1,3,30400.0,91200.0,61973.8,29226.2
1754,2023-05-04,6,1,1,1,14600.0,14600.0,11530.03,3069.97
1755,2023-05-04,11,4,4,1,15000.0,15000.0,10275.64,4724.36
1756,2023-05-04,19,8,1,1,3500.0,3500.0,2487.69,1012.31
1757,2023-05-04,1,2,1,3,29100.0,87300.0,68483.2,18816.8
1758,2023-05-05,11,7,1,3,20600.0,61800.0,43790.33,18009.67
1759,2023-05-05,1,2,1,1,33400.0,33400.0,24898.52,8501.48
1760,2023-05-05,8,1,2,4,12800.0,51200.0,37459.41,13740.59
1761,2023-05-05,16,1,1,2,3600.0,7200.0,5615.0,1585.0
1762,2023-05-05,16,4,1,1,5000.0,5000.0,3764.84,1235.16
1763,2023-05-05,1,6,2,1,19200.0,19200.0,12873.66,6326.34
1764,2023-05-05,1,9,5,3,20800.0,62400.0,52182.12,10217.88
1765,2023-05-06,10,1,6,2,15300.0,30600.0,20683.27,9916.73
1766,2023-05-06,16,10,1,3,4700.0,14100.0,8671.41,5428.59
1767,2023-05-06,13,2,1,5,17400.0,87000.0,63774.39,23225.61
1768,2023-05-07,1,4,1,3,29200.0,87600.0,56117.77,31482.23
1769,2023-05-07,12,1,2,4,14100.0,56400.0,33614.67,22785.33
1770,2023-05-07,13,9,1,4,19900.0,79600.0,60619.47,18980.53
1771,2023-05-07,7,10,1,5,8500.0,42500.0,32031.71,10468.29
1772,2023-05-07,6,8,1,5,14800.0,74000.0,48119.51,25880.49
1773,2023-05-07,2,5,1,4,34000.0,136000.0,114082.17,21917.83
1774,2023-05-08,3,2,2,1,25900.0,25900.0,19033.15,6866.85
1775,2023-05-09,18,1,1,2,4900.0,9800.0,7965.12,1834.88
1776,2023-05-09,1,6,1,5,26900.0,134500.0,84250.68,50249.32
1777,2023-05-09,12,2,1,4,15700.0,62800.0,45616.9,17183.1
1778,2023-05-09,3,2,1,2,31300.0,62600.0,38353.46,24246.54
1779,2023-05-09,11,4,2,4,19900.0,79600.0,58533.44,21066.56
1780,2023-05-09,14,4,4,4,16700.0,66800.0,55213.52,11586.48
1781,2023-05-09,4,10,4,2,23100.0,46200.0,37428.36,8771.64
1782,2023-05-10,12,5,1,2,13300.0,26600.0,18576.65,8023.35
1783,2023-05-10,1,4,1,4,20300.0,81200.0,51008.31,30191.69
1784,2023-05-10,8,2,2,5,15800.0,79000.0,56023.89,22976.11
1785,2023-05-11,16,4,4,4,4000.0,16000.0,12167.67,3832.33
1786,2023-05-11,9,1,4,3,15000.0,45000.0,33681.09,11318.91
1787,2023-05-11,17,5,1,2,4000.0,8000.0,6660.1,1339.9
1788,2023-05-11,15,1,1,5,20900.0,104500.0,87720.41,16779.59
1789,2023-05-11,3,7,1,3,28300.0,84900.0,65810.22,19089.78
1790,2023-05-11,10,4,4,5,10400.0,52000.0,41699.98,10300.02
1791,2023-05-12,11,4,4,1,20300.0,20300.0,13435.58,6864.42
1792,2023-05-12,15,2,4,5,17500.0,87500.0,64723.03,22776.97
1793,2023-05-12,12,2,1,4,20100.0,80400.0,47647.92,32752.08
1794,2023-05-12,19,1,1,3,3900.0,11700.0,7641.25,4058.75
1795,2023-05-12,16,1,1,3,3900.0,11700.0,7663.47,4036.53
1796,2023-05-12,12,2,1,4,13400.0,53600.0,41018.68,12581.32
1797,2023-05-12,6,10,2,4,14900.0,59600.0,37518.02,22081.98
1798,2023-05-12,12,2,4,3,14800.0,44400.0,32108.81,12291.19
1799,2023-05-13,8,5,1,1,15000.0,15000.0,10151.83,4848.17
1800,2023-05-13,19,1,2,5,3700.0,18500.0,15012.58,3487.42
1801,2023-05-13,20,1,6,2,3600.0,7200.0,5441.29,1758.71
1802,2023-05-13,20,4,4,2,5000.0,10000.0,6660.8,3339.2
1803,2023-05-13,15,1,2,2,14500.0,29000.0,20716.63,8283.37
1804,2023-05-13,4,3,1,4,21600.0,86400.0,55012.12,31387.88
1805,2023-05-14,4,1,2,2,26200.0,52400.0,44512.94,7887.06
1806,2023-05-14,14,1,3,3,20200.0,60600.0,44686.11,15913.89
1807,2023-05-14,7,1,4,5,16400.0,82000.0,52637.01,29362.99
1808,2023-05-14,11,1,1,2,14600.0,29200.0,21100.78,8099.22
1809,2023-05-14,9,6,1,2,12700.0,25400.0,17147.33,8252.67
1810,2023-05-14,16,9,2,3,4300.0,12900.0,9090.33,3809.67
1811,2023-05-14,3,4,4,2,26600.0,53200.0,40753.74,12446.26
1812,2023-05-15,20,8,2,5,3200.0,16000.0,9493.08,6506.92
1813,2023-05-15,11,1,1,4,15700.0,62800.0,38408.88,24391.12
1814,2023-05-15,13,2,2,2,13600.0,27200.0,18561.11,8638.89
1815,2023-05-15,9,10,4,5,9300.0,46500.0,38647.43,7852.57
1816,2023-05-15,6,2,1,4,16600.0,66400.0,40743.19,25656.81
1817,2023-05-15,5,1,1,3,26400.0,79200.0,47296.72,31903.28
1818,2023-05-15,19,2,4,5,4800.0,24000.0,19682.07,4317.93
1819,2023-05-15,9,6,1,4,10800.0,43200.0,35380.49,7819.51
1820,2023-05-16,15,1,1,1,14400.0,14400.0,9863.87,4536.13
1821,2023-05-16,2,9,1,2,32400.0,64800.0,39630.89,25169.11
1822,2023-05-16,10,9,4,3,9700.0,29100.0,23743.35,5356.65
1823,2023-05-16,2,5,3,1,20400.0,20400.0,12958.36,7441.64
1824,2023-05-16,18,7,1,3,3700.0,11100.0,8159.9,2940.1
1825,2023-05-16,2,6,1,3,18000.0,54000.0,44427.56,9572.44
1826,2023-05-17,11,1,5,3,15500.0,46500.0,30249.67,16250.33
1827,2023-05-17,6,6,1,4,9500.0,38000.0,28343.39,9656.61
1828,2023-05-17,11,1,1,1,17900.0,17900.0,10763.5,7136.5
1829,2023-05-17,20,2,1,5,4100.0,20500.0,14655.95,5844.05
1830,2023-05-17,14,1,2,4,20900.0,83600.0,60486.57,23113.43
1831,2023-05-18,7,10,5,4,13600.0,54400.0,41634.16,12765.84
1832,2023-05-18,14,9,1,3,12700.0,38100.0,25286.21,12813.79
1833,2023-05-18,18,1,1,1,3600.0,3600.0,2347.21,1252.79
1834,2023-05-19,14,6,2,3,16900.0,50700.0,38797.83,11902.17
1835,2023-05-19,4,9,4,3,27400.0,82200.0,48764.13,33435.87
1836,2023-05-19,2,2,1,4,32600.0,130400.0,97278.51,33121.49
1837,2023-05-19,16,1,6,4,4900.0,19600.0,13686.65,5913.35
1838,2023-05-19,15,1,1,3,12400.0,37200.0,28290.66,8909.34
1839,2023-05-19,14,9,5,4,14800.0,59200.0,37595.91,21604.09
1840,2023-05-20,5,4,2,4,24700.0,98800.0,76032.28,22767.72
1841,2023-05-20,6,5,1,5,16700.0,83500.0,56159.07,27340.93
1842,2023-05-20,20,8,1,1,4100.0,4100.0,2675.45,1424.55
1843,2023-05-20,2,2,2,1,18400.0,18400.0,12817.55,5582.45
1844,2023-05-20,17,1,5,3,4600.0,13800.0,9093.05,4706.95
1845,2023-05-21,14,7,1,1,15400.0,15400.0,12060.68,3339.32
1846,2023-05-21,12,6,1,2,10700.0,21400.0,13326.62,8073.38
1847,2023-05-21,16,3,5,1,5400.0,5400.0,4082.67,1317.33
1848,2023-05-22,12,8,1,2,17900.0,35800.0,23133.58,12666.42
1849,2023-05-22,20,1,5,3,3000.0,9000.0,5784.19,3215.81
1850,2023-05-23,18,6,4,4,2900.0,11600.0,8558.09,3041.91
1851,2023-05-23,6,9,1,1,16600.0,16600.0,13499.24,3100.76
1852,2023-05-23,6,8,6,5,14400.0,72000.0,56250.52,15749.48
1853,2023-05-24,9,1,1,4,16200.0,64800.0,45496.81,19303.19
1854,2023-05-24,2,1,2,4,28000.0,112000.0,94721.11,17278.89
1855,2023-05-24,12,10,1,5,13200.0,66000.0,54618.92,11381.08
1856,2023-05-24,7,9,4,3,11700.0,35100.0,23975.41,11124.59
1857,2023-05-24,9,4,4,3,14400.0,43200.0,26003.5,17196.5
1858,2023-05-24,12,1,5,2,16100.0,32200.0,24222.52,7977.48
1859,2023-05-24,15,9,1,4,14200.0,56800.0,43693.53,13106.47
1860,2023-05-25,9,2,1,1,8400.0,8400.0,5360.05,3039.95
1861,2023-05-25,16,8,2,2,5300.0,10600.0,8103.96,2496.04
1862,2023-05-25,7,1,3,1,16600.0,16600.0,11284.59,5315.41
1863,2023-05-25,16,1,2,3,4400.0,13200.0,8288.68,4911.32
1864,2023-05-25,5,2,4,3,24700.0,74100.0,56405.44,17694.56
1865,2023-05-25,5,1,2,1,26100.0,26100.0,17986.09,8113.91
1866,2023-05-26,12,4,3,3,11500.0,34500.0,21280.69,13219.31
1867,2023-05-26,19,1,2,2,4400.0,8800.0,6709.61,2090.39
1868,2023-05-26,9,10,1,1,13200.0,13200.0,9223.42,3976.58
1869,2023-05-26,4,1,2,4,33400.0,133600.0,100235.76,33364.24
1870,2023-05-26,7,1,5,4,15800.0,63200.0,48816.72,14383.28
1871,2023-05-26,11,2,5,4,15500.0,62000.0,50937.85,11062.15
1872,2023-05-26,17,5,3,2,3600.0,7200.0,4715.41,2484.59
1873,2023-05-27,5,6,6,3,20500.0,61500.0,40734.56,20765.44
1874,2023-05-27,7,8,4,4,10200.0,40800.0,24482.41,16317.59
1875,2023-05-27,4,1,6,5,32900.0,164500.0,108448.37,56051.63
1876,2023-05-27,4,6,2,2,28000.0,56000.0,41349.5,14650.5
1877,2023-05-27,9,9,2,5,9500.0,47500.0,35021.56,12478.44
1878,2023-05-27,16,10,4,1,5500.0,5500.0,4581.79,918.21
1879,2023-05-27,1,5,4,1,24400.0,24400.0,20282.51,4117.49
1880,2023-05-27,6,4,4,2,14700.0,29400.0,22948.15,6451.85
1881,2023-05-28,16,5,2,5,3500.0,17500.0,11320.4,6179.6
1882,2023-05-28,1,1,1,2,33900.0,67800.0,45041.71,22758.29
1883,2023-05-28,13,1,1,1,13200.0,13200.0,8381.54,4818.46
1884,2023-05-28,18,9,6,1,4100.0,4100.0,3023.8,1076.2
1885,2023-05-28,16,9,2,2,4200.0,8400.0,5936.86,2463.14
1886,2023-05-28,2,4,4,2,30800.0,61600.0,39485.31,22114.69
1887,2023-05-28,9,1,1,4,13200.0,52800.0,37907.67,14892.33
1888,2023-05-28,18,1,1,3,4400.0,13200.0,9590.45,3609.55
1889,2023-05-28,16,10,2,4,5100.0,20400.0,16330.87,4069.13
1890,2023-05-28,12,4,4,1,12100.0,12100.0,8664.28,3435.72
1891,2023-05-28,17,1,1,2,5000.0,10000.0,6876.99,3123.01
1892,2023-05-29,8,1,1,3,15100.0,45300.0,36915.7,8384.3
1893,2023-05-29,2,4,4,3,26100.0,78300.0,53883.75,24416.25
1894,2023-05-29,20,1,1,5,5000.0,25000.0,15431.45,9568.55
1895,2023-05-30,8,4,1,4,16800.0,67200.0,44740.72,22459.28
1896,2023-05-30,2,1,1,4,27200.0,108800.0,75391.3,33408.7
1897,2023-05-30,14,10,1,5,16000.0,80000.0,50285.59,29714.41
1898,2023-05-30,14,1,1,1,18800.0,18800.0,15209.47,3590.53
1899,2023-05-30,19,2,4,1,5600.0,5600.0,4259.26,1340.74
1900,2023-05-30,4,4,1,2,29700.0,59400.0,35799.52,23600.48
1901,2023-05-30,14,6,1,3,10900.0,32700.0,24296.9,8403.1
1902,2023-05-30,6,3,4,3,13900.0,41700.0,33101.27,8598.73
1903,2023-05-30,3,4,1,2,19500.0,39000.0,29711.6,9288.4
1904,2023-05-30,9,9,1,5,13600.0,68000.0,53251.56,14748.44
1905,2023-05-31,10,9,1,5,10500.0,52500.0,42817.05,9682.95
1906,2023-05-31,13,8,5,1,19600.0,19600.0,14177.61,5422.39
1907,2023-05-31,8,6,1,5,9900.0,49500.0,36552.3,12947.7
1908,2023-05-31,3,6,3,1,20000.0,20000.0,16936.58,3063.42
1909,2023-05-31,17,1,2,5,4100.0,20500.0,17186.87,3313.13
1910,2023-05-31,1,1,4,1,31000.0,31000.0,18197.88,12802.12
1911,2023-06-01,7,8,4,2,16600.0,33200.0,27467.73,5732.27
1912,2023-06-01,12,1,4,4,20400.0,81600.0,64324.89,17275.11
1913,2023-06-01,20,2,4,3,3400.0,10200.0,7174.08,3025.92
1914,2023-06-01,19,1,2,2,5000.0,10000.0,6385.51,3614.49
1915,2023-06-01,16,10,2,3,5600.0,16800.0,12810.72,3989.28
1916,2023-06-01,7,4,3,1,13700.0,13700.0,9063.29,4636.71
1917,2023-06-02,17,2,1,3,3600.0,10800.0,6426.58,4373.42
1918,2023-06-02,3,8,2,2,27800.0,55600.0,33474.43,22125.57
1919,2023-06-02,12,2,3,3,14400.0,43200.0,26576.71,16623.29
1920,2023-06-03,4,1,1,5,18100.0,90500.0,54675.57,35824.43
1921,2023-06-03,15,1,6,4,18300.0,73200.0,43798.32,29401.68
1922,2023-06-03,1,4,4,2,29000.0,58000.0,43438.24,14561.76
1923,2023-06-03,11,9,1,2,11200.0,22400.0,13982.59,8417.41
1924,2023-06-03,15,6,1,2,19200.0,38400.0,29880.38,8519.62
1925,2023-06-03,5,1,1,1,19500.0,19500.0,15117.21,4382.79
1926,2023-06-03,14,2,2,5,16600.0,83000.0,67086.67,15913.33
1927,2023-06-04,11,2,6,5,12100.0,60500.0,38036.54,22463.46
1928,2023-06-04,13,2,2,1,18000.0,18000.0,11764.97,6235.03
1929,2023-06-04,4,2,2,4,28600.0,114400.0,76054.83,38345.17
1930,2023-06-04,2,2,4,2,20300.0,40600.0,31194.84,9405.16
1931,2023-06-04,12,8,1,3,11300.0,33900.0,25449.03,8450.97
1932,2023-06-04,2,10,1,3,18700.0,56100.0,33789.65,22310.35
1933,2023-06-04,19,6,4,1,5200.0,5200.0,3060.7,2139.3
1934,2023-06-05,7,4,4,1,8600.0,8600.0,6964.87,1635.13
1935,2023-06-05,1,4,1,4,23800.0,95200.0,69705.07,25494.93
1936,2023-06-05,15,5,5,1,13400.0,13400.0,8482.08,4917.92
1937,2023-06-05,13,1,1,3,17800.0,53400.0,36919.07,16480.93
1938,2023-06-05,2,1,4,4,28100.0,112400.0,74517.83,37882.17
1939,2023-06-05,2,2,4,5,25600.0,128000.0,86121.53,41878.47
1940,2023-06-05,5,8,4,2,20800.0,41600.0,29346.71,12253.29
1941,2023-06-05,1,1,1,3,22400.0,67200.0,39109.58,28090.42
1942,2023-06-05,8,2,3,4,15600.0,62400.0,39085.99,23314.01
1943,2023-06-06,1,3,5,1,24600.0,24600.0,15742.5,8857.5
1944,2023-06-06,5,1,1,1,27200.0,27200.0,16461.1,10738.9
1945,2023-06-06,9,4,1,3,11200.0,33600.0,20099.93,13500.07
1946,2023-06-06,18,9,3,4,4600.0,18400.0,14305.69,4094.31
1947,2023-06-06,14,1,2,3,15700.0,47100.0,39857.55,7242.45
1948,2023-06-07,8,2,5,5,14300.0,71500.0,54133.54,17366.46
1949,2023-06-07,20,2,4,5,3500.0,17500.0,10688.49,6811.51
1950,2023-06-07,12,1,2,1,15000.0,15000.0,11094.73,3905.27
1951,2023-06-07,9,1,4,3,11000.0,33000.0,19308.16,13691.84
1952,2023-06-07,17,1,4,2,3100.0,6200.0,5033.99,1166.01
1953,2023-06-07,4,2,4,1,33000.0,33000.0,21926.33,11073.67
1954,2023-06-07,20,1,4,1,4800.0,4800.0,4039.88,760.12
1955,2023-06-08,19,2,1,1,3100.0,3100.0,2371.48,728.52
1956,2023-06-08,19,1,1,3,5300.0,15900.0,12486.66,3413.34
1957,2023-06-08,2,1,2,5,18800.0,94000.0,74906.68,19093.32
1958,2023-06-08,12,10,5,5,12200.0,61000.0,44054.28,16945.72
1959,2023-06-08,19,2,1,1,4400.0,4400.0,2831.03,1568.97
1960,2023-06-08,7,1,4,4,13300.0,53200.0,38566.47,14633.53
1961,2023-06-09,5,4,1,5,20800.0,104000.0,62242.08,41757.92
1962,2023-06-09,20,10,2,4,3400.0,13600.0,8090.18,5509.82
1963,2023-06-09,6,1,4,5,13000.0,65000.0,43923.13,21076.87
1964,2023-06-09,15,2,4,1,14900.0,14900.0,9010.84,5889.16
1965,2023-06-09,15,1,3,3,14400.0,43200.0,30343.82,12856.18
1966,2023-06-09,9,6,1,1,9200.0,9200.0,7406.29,1793.71
1967,2023-06-09,6,1,2,2,16600.0,33200.0,22908.96,10291.04
1968,2023-06-09,8,1,4,2,16200.0,32400.0,21608.42,10791.58
1969,2023-06-09,2,9,1,4,24100.0,96400.0,62393.43,34006.57
1970,2023-06-10,12,4,5,3,13400.0,40200.0,25400.79,14799.21
1971,2023-06-10,2,2,4,4,32400.0,129600.0,106658.41,22941.59
1972,2023-06-10,3,9,1,5,30100.0,150500.0,125530.09,24969.91
1973,2023-06-10,16,1,1,4,3900.0,15600.0,9282.63,6317.37
1974,2023-06-10,1,4,4,3,32500.0,97500.0,82304.15,15195.85
1975,2023-06-10,11,6,2,5,19000.0,95000.0,80614.15,14385.85
1976,2023-06-11,7,9,2,2,8800.0,17600.0,11838.71,5761.29
1977,2023-06-11,18,2,1,1,3600.0,3600.0,2715.01,884.99
1978,2023-06-11,3,4,1,1,33700.0,33700.0,25836.51,7863.49
1979,2023-06-11,11,6,1,4,17900.0,71600.0,60024.7,11575.3
1980,2023-06-11,6,4,1,4,16200.0,64800.0,38426.02,26373.98
1981,2023-06-11,20,1,4,2,5200.0,10400.0,6926.7,3473.3
1982,2023-06-11,15,1,3,5,21000.0,105000.0,85229.18,19770.82
1983,2023-06-11,16,1,2,2,5600.0,11200.0,7087.05,4112.95
1984,2023-06-11,10,9,4,2,8500.0,17000.0,12031.09,4968.91
1985,2023-06-12,15,8,1,2,17800.0,35600.0,23899.36,11700.64
1986,2023-06-12,1,7,4,4,30400.0,121600.0,89569.71,32030.29
1987,2023-06-12,14,9,1,1,15100.0,15100.0,11585.48,3514.52
1988,2023-06-12,3,10,2,4,34300.0,137200.0,80877.53,56322.47
1989,2023-06-12,3,1,4,5,28700.0,143500.0,112553.13,30946.87
1990,2023-06-12,6,2,1,4,14300.0,57200.0,42252.19,14947.81
1991,2023-06-13,17,4,2,5,4500.0,22500.0,17221.89,5278.11
1992,2023-06-13,5,1,1,2,25800.0,51600.0,43171.43,8428.57
1993,2023-06-13,14,9,4,3,13400.0,40200.0,34135.25,6064.75
1994,2023-06-14,20,8,1,1,3700.0,3700.0,2923.83,776.17
1995,2023-06-14,1,4,1,2,32100.0,64200.0,43614.73,20585.27
1996,2023-06-14,10,2,5,4,9500.0,38000.0,31703.85,6296.15
1997,2023-06-14,12,1,6,4,11100.0,44400.0,32199.72,12200.28
1998,2023-06-14,18,1,1,2,4400.0,8800.0,6868.13,1931.87
1999,2023-06-14,18,6,1,5,3100.0,15500.0,9099.49,6400.51
2000,2023-06-14,18,5,1,5,3400.0,17000.0,12129.36,4870.64
2001,2023-06-14,11,9,2,1,17700.0,17700.0,12390.79,5309.21
2002,2023-06-14,19,5,1,2,3100.0,6200.0,4250.01,1949.99
2003,2023-06-14,19,1,1,1,3900.0,3900.0,3121.2,778.8
2004,2023-06-14,7,4,4,5,8900.0,44500.0,34928.38,9571.62
2005,2023-06-14,8,2,1,5,10300.0,51500.0,34008.87,17491.13
2006,2023-06-14,20,9,1,3,3000.0,9000.0,7352.6,1647.4
2007,2023-06-14,16,9,4,4,2900.0,11600.0,8191.94,3408.06
2008,2023-06-15,5,5,4,3,32600.0,97800.0,67390.18,30409.82
2009,2023-06-15,14,1,1,3,19700.0,59100.0,41468.39,17631.61
2010,2023-06-15,15,1,2,5,19600.0,98000.0,62174.17,35825.83
2011,2023-06-15,6,1,1,1,8700.0,8700.0,5731.27,2968.73
2012,2023-06-15,15,3,2,1,13200.0,13200.0,10370.24,2829.76
2013,2023-06-15,4,4,6,2,29400.0,58800.0,48189.0,10611.0
2014,2023-06-15,20,1,1,2,3000.0,6000.0,4949.93,1050.07
2015,2023-06-16,20,2,4,4,3300.0,13200.0,10970.13,2229.87
2016,2023-06-16,15,8,3,4,20400.0,81600.0,65074.68,16525.32
2017,2023-06-16,1,9,1,3,17800.0,53400.0,41911.55,11488.45
2018,2023-06-16,15,1,2,5,19800.0,99000.0,63350.74,35649.26
2019,2023-06-16,8,1,4,1,8500.0,8500.0,5581.35,2918.65
2020,2023-06-16,17,4,1,1,3800.0,3800.0,2324.0,1476.0
2021,2023-06-17,15,6,4,5,13200.0,66000.0,51964.56,14035.44
2022,2023-06-17,2,8,2,1,25800.0,25800.0,15263.05,10536.95
2023,2023-06-17,14,1,4,3,14500.0,43500.0,29705.66,13794.34
2024,2023-06-17,9,4,1,3,11600.0,34800.0,25047.84,9752.16
2025,2023-06-17,2,5,4,1,26300.0,26300.0,20855.6,5444.4
2026,2023-06-18,20,6,6,1,3000.0,3000.0,1955.68,1044.32
2027,2023-06-18,16,9,4,4,4700.0,18800.0,14563.86,4236.14
2028,2023-06-18,13,1,1,5,14500.0,72500.0,47238.8,25261.2
2029,2023-06-18,4,8,1,4,26500.0,106000.0,69602.2,36397.8
2030,2023-06-18,13,2,5,5,14000.0,70000.0,57819.89,12180.11
2031,2023-06-18,1,1,5,4,34300.0,137200.0,80359.39,56840.61
2032,2023-06-18,11,1,2,2,11700.0,23400.0,16644.29,6755.71
2033,2023-06-19,13,1,1,1,12500.0,12500.0,9227.74,3272.26
2034,2023-06-19,20,1,2,3,3600.0,10800.0,8861.86,1938.14
2035,2023-06-19,14,8,5,2,15900.0,31800.0,21376.4,10423.6
2036,2023-06-19,10,2,1,2,16600.0,33200.0,26572.16,6627.84
2037,2023-06-19,18,10,1,5,3500.0,17500.0,14146.34,3353.66
2038,2023-06-19,2,2,4,5,25200.0,126000.0,91894.34,34105.66
2039,2023-06-19,15,1,2,3,13700.0,41100.0,29494.28,11605.72
2040,2023-06-19,6,10,4,2,15700.0,31400.0,18436.26,12963.74
2041,2023-06-20,4,2,4,3,21800.0,65400.0,54697.8,10702.2
2042,2023-06-20,17,9,5,4,3300.0,13200.0,9902.3,3297.7
2043,2023-06-20,1,9,1,5,31300.0,156500.0,126004.72,30495.28
2044,2023-06-20,18,5,1,2,5300.0,10600.0,7634.22,2965.78
2045,2023-06-20,17,9,1,3,4300.0,12900.0,9730.97,3169.03
2046,2023-06-20,20,2,4,3,4500.0,13500.0,8724.5,4775.5
2047,2023-06-20,6,2,1,3,11500.0,34500.0,27328.46,7171.54
2048,2023-06-21,3,8,4,2,29400.0,58800.0,38130.4,20669.6
2049,2023-06-21,15,9,4,2,19900.0,39800.0,26209.38,13590.62
2050,2023-06-21,16,6,3,2,4200.0,8400.0,6139.14,2260.86
2051,2023-06-21,3,3,1,4,25700.0,102800.0,63712.5,39087.5
2052,2023-06-21,4,2,4,1,31600.0,31600.0,26429.9,5170.1
2053,2023-06-21,7,6,1,3,8600.0,25800.0,15659.87,10140.13
2054,2023-06-21,14,6,1,5,18100.0,90500.0,56038.01,34461.99
2055,2023-06-21,11,2,1,3,16200.0,48600.0,31285.69,17314.31
2056,2023-06-22,1,4,6,1,30600.0,30600.0,21256.77,9343.23
2057,2023-06-22,3,1,1,2,33600.0,67200.0,47664.44,19535.56
2058,2023-06-22,18,9,5,1,4500.0,4500.0,2768.26,1731.74
2059,2023-06-22,10,7,2,2,10400.0,20800.0,13682.91,7117.09
2060,2023-06-22,4,1,1,3,33300.0,99900.0,60357.48,39542.52
2061,2023-06-22,7,8,4,2,16000.0,32000.0,25016.52,6983.48
2062,2023-06-22,16,5,3,3,3300.0,9900.0,6736.39,3163.61
2063,2023-06-23,15,9,2,1,16000.0,16000.0,11459.01,4540.99
2064,2023-06-23,13,1,4,3,13900.0,41700.0,31877.09,9822.91
2065,2023-06-23,15,1,1,4,15900.0,63600.0,42245.29,21354.71
2066,2023-06-23,17,8,4,4,3100.0,12400.0,8869.15,3530.85
2067,2023-06-23,14,6,1,1,17300.0,17300.0,14200.08,3099.92
2068,2023-06-24,17,1,5,2,4700.0,9400.0,6386.71,3013.29
2069,2023-06-24,18,8,4,4,2900.0,11600.0,7996.22,3603.78
2070,2023-06-24,1,9,5,3,22400.0,67200.0,45339.59,21860.41
2071,2023-06-25,19,1,1,5,5000.0,25000.0,15495.19,9504.81
2072,2023-06-25,18,1,1,1,3700.0,3700.0,2601.83,1098.17
2073,2023-06-25,3,2,4,3,34100.0,102300.0,77213.24,25086.76
2074,2023-06-25,13,9,1,3,13600.0,40800.0,29831.4,10968.6
2075,2023-06-25,1,1,4,4,22700.0,90800.0,56160.81,34639.19
2076,2023-06-25,2,8,1,1,30400.0,30400.0,20586.62,9813.38
2077,2023-06-26,17,2,1,4,4000.0,16000.0,12374.15,3625.85
2078,2023-06-26,20,6,2,1,3500.0,3500.0,2900.26,599.74
2079,2023-06-26,12,1,1,5,13900.0,69500.0,40528.96,28971.04
2080,2023-06-26,4,1,1,4,22000.0,88000.0,68726.33,19273.67
2081,2023-06-26,19,9,1,3,3800.0,11400.0,8406.83,2993.17
2082,2023-06-26,1,2,4,1,25600.0,25600.0,20054.95,5545.05
2083,2023-06-26,1,1,1,1,22700.0,22700.0,14476.58,8223.42
2084,2023-06-27,20,1,1,3,5200.0,15600.0,11345.88,4254.12
2085,2023-06-27,8,10,4,1,14300.0,14300.0,9135.44,5164.56
2086,2023-06-27,4,4,4,1,20800.0,20800.0,12774.79,8025.21
2087,2023-06-27,17,9,2,3,3800.0,11400.0,8281.12,3118.88
2088,2023-06-27,3,1,2,4,29200.0,116800.0,69066.87,47733.13
2089,2023-06-27,17,4,1,5,4400.0,22000.0,15121.75,6878.25
2090,2023-06-28,14,1,1,5,13600.0,68000.0,56460.67,11539.33
2091,2023-06-28,12,7,1,5,16700.0,83500.0,48625.37,34874.63
2092,2023-06-28,9,1,1,3,12600.0,37800.0,22071.88,15728.12
2093,2023-06-28,18,4,4,2,4200.0,8400.0,6768.37,1631.63
2094,2023-06-28,9,9,1,3,9600.0,28800.0,24012.17,4787.83
2095,2023-06-28,8,4,1,4,8500.0,34000.0,22792.58,11207.42
2096,2023-06-28,18,1,1,2,3100.0,6200.0,5050.8,1149.2
2097,2023-06-28,13,5,3,2,19100.0,38200.0,24595.55,13604.45
2098,2023-06-28,13,6,6,1,17700.0,17700.0,12111.81,5588.19
2099,2023-06-29,17,4,1,3,4200.0,12600.0,8810.06,3789.94
2100,2023-06-29,10,4,4,5,9700.0,48500.0,29048.9,19451.1
2101,2023-06-29,10,1,4,1,15200.0,15200.0,12067.11,3132.89
2102,2023-06-29,18,2,1,4,3000.0,12000.0,8614.25,3385.75
2103,2023-06-29,2,3,4,5,22800.0,114000.0,76682.89,37317.11
2104,2023-06-29,12,3,1,1,19400.0,19400.0,11395.14,8004.86
2105,2023-06-29,11,1,3,4,19700.0,78800.0,56406.05,22393.95
2106,2023-06-29,14,9,4,5,19000.0,95000.0,70262.44,24737.56
2107,2023-06-29,3,1,4,4,32600.0,130400.0,97020.79,33379.21
2108,2023-06-29,2,1,1,3,26700.0,80100.0,47749.16,32350.84
2109,2023-06-29,3,2,3,4,31900.0,127600.0,89661.61,37938.39
2110,2023-06-30,11,4,1,2,14000.0,28000.0,16913.24,11086.76
2111,2023-06-30,14,1,4,1,13300.0,13300.0,9952.46,3347.54
2112,2023-06-30,6,2,2,1,9700.0,9700.0,5730.85,3969.15
2113,2023-06-30,20,1,1,5,4600.0,23000.0,18380.08,4619.92
2114,2023-06-30,10,1,4,3,14800.0,44400.0,27896.59,16503.41
2115,2023-06-30,6,4,5,3,12900.0,38700.0,28288.15,10411.85
2116,2023-06-30,10,6,5,3,9700.0,29100.0,20978.05,8121.95
2117,2023-06-30,10,9,5,2,8500.0,17000.0,12083.49,4916.51
2118,2023-06-30,20,1,1,2,5000.0,10000.0,6901.22,3098.78
2119,2023-07-01,4,5,4,2,22300.0,62440.0,37553.26,24886.74
2120,2023-07-01,16,2,1,5,5400.0,37800.0,28584.43,9215.57
2121,2023-07-01,12,9,4,4,13200.0,73920.0,48610.21,25309.79
2122,2023-07-02,11,6,1,1,14500.0,20300.0,13891.69,6408.31
2123,2023-07-02,3,6,2,5,21400.0,149800.0,124726.75,25073.25
2124,2023-07-02,16,9,4,5,3000.0,21000.0,13380.44,7619.56
2125,2023-07-02,10,7,1,4,11600.0,64960.0,48752.04,16207.96
2126,2023-07-02,12,10,1,2,18000.0,50400.0,38304.3,12095.7
2127,2023-07-02,19,5,1,4,3100.0,17360.0,10745.99,6614.01
2128,2023-07-02,16,4,1,2,5500.0,15400.0,11703.18,3696.82
2129,2023-07-02,10,9,4,2,13200.0,36960.0,28501.13,8458.87
2130,2023-07-02,17,4,4,4,5300.0,29680.0,23995.84,5684.16
2131,2023-07-03,17,1,1,1,3600.0,5040.0,3138.64,1901.36
2132,2023-07-03,10,1,4,3,16600.0,69720.0,53839.15,15880.85
2133,2023-07-04,15,2,2,4,12300.0,68880.0,40077.73,28802.27
2134,2023-07-04,8,1,1,1,16300.0,22820.0,16342.14,6477.86
2135,2023-07-04,13,6,4,2,16600.0,46480.0,31758.9,14721.1
2136,2023-07-04,19,2,1,5,3600.0,25200.0,17725.52,7474.48
2137,2023-07-04,19,1,1,3,3300.0,13860.0,10644.78,3215.22
2138,2023-07-04,6,2,6,2,10600.0,29680.0,21438.73,8241.27
2139,2023-07-04,9,10,1,1,15400.0,21560.0,18238.96,3321.04
2140,2023-07-05,19,9,4,5,5100.0,35700.0,29690.45,6009.55
2141,2023-07-05,10,1,1,1,11900.0,16660.0,10636.09,6023.91
2142,2023-07-05,11,1,4,2,18600.0,52080.0,38830.72,13249.28
2143,2023-07-05,13,8,1,3,13300.0,55860.0,40147.26,15712.74
2144,2023-07-05,18,5,5,2,5200.0,14560.0,9908.64,4651.36
2145,2023-07-05,5,1,6,5,27300.0,191100.0,115739.75,75360.25
2146,2023-07-05,8,10,2,3,16300.0,68460.0,53637.08,14822.92
2147,2023-07-06,19,5,4,5,4000.0,28000.0,22443.46,5556.54
2148,2023-07-06,5,2,4,5,20200.0,141400.0,119442.71,21957.29
2149,2023-07-06,20,2,2,4,4200.0,23520.0,19295.0,4225.0
2150,2023-07-06,18,1,4,5,5100.0,35700.0,21677.77,14022.23
2151,2023-07-06,16,4,4,5,4200.0,29400.0,23241.56,6158.44
2152,2023-07-06,8,5,2,1,14600.0,20440.0,16063.6,4376.4
2153,2023-07-06,4,2,2,5,27400.0,191800.0,161163.56,30636.44
2154,2023-07-06,13,9,2,3,19100.0,80220.0,64842.45,15377.55
2155,2023-07-06,1,5,2,2,29700.0,83160.0,60079.7,23080.3
2156,2023-07-07,18,10,1,3,3600.0,15120.0,11844.1,3275.9
2157,2023-07-07,3,1,5,5,28000.0,196000.0,156071.09,39928.91
2158,2023-07-07,3,5,1,2,29800.0,83440.0,66440.16,16999.84
2159,2023-07-07,15,9,1,1,18000.0,25200.0,18693.68,6506.32
2160,2023-07-08,19,2,1,2,5200.0,14560.0,11510.52,3049.48
2161,2023-07-08,10,1,1,2,13100.0,36680.0,25624.17,11055.83
2162,2023-07-08,16,2,2,3,4100.0,17220.0,11802.64,5417.36
2163,2023-07-08,11,1,2,3,15100.0,63420.0,37552.09,25867.91
2164,2023-07-08,9,1,3,4,13000.0,72800.0,55899.42,16900.58
2165,2023-07-08,4,9,4,3,30100.0,126420.0,97466.81,28953.19
2166,2023-07-08,5,9,1,5,19400.0,135800.0,85701.49,50098.51
2167,2023-07-09,12,1,2,3,11700.0,49140.0,40795.81,8344.19
2168,2023-07-09,17,3,5,1,3400.0,4760.0,3720.8,1039.2
2169,2023-07-09,4,9,4,1,19300.0,27020.0,18745.02,8274.98
2170,2023-07-10,16,9,2,1,3200.0,4480.0,3085.31,1394.69
2171,2023-07-10,20,8,4,3,2800.0,11760.0,9718.09,2041.91
2172,2023-07-10,4,8,3,4,24800.0,138880.0,103836.59,35043.41
2173,2023-07-10,20,6,4,3,4700.0,19740.0,14702.87,5037.13
2174,2023-07-10,19,1,4,4,4800.0,26880.0,19168.68,7711.32
2175,2023-07-10,18,6,4,5,5200.0,36400.0,22445.74,13954.26
2176,2023-07-10,1,1,4,1,32600.0,45640.0,38083.23,7556.77
2177,2023-07-10,20,7,1,3,4800.0,20160.0,13476.31,6683.69
2178,2023-07-10,7,2,2,1,11700.0,16380.0,11944.61,4435.39
2179,2023-07-10,14,1,1,2,15700.0,43960.0,31886.35,12073.65
2180,2023-07-10,7,5,2,4,9900.0,55440.0,36553.16,18886.84
2181,2023-07-11,10,1,5,2,12200.0,34160.0,28783.48,5376.52
2182,2023-07-11,12,9,5,5,12400.0,86800.0,70782.83,16017.17
2183,2023-07-12,2,3,4,3,30500.0,128100.0,101147.03,26952.97
2184,2023-07-12,15,2,3,1,11100.0,15540.0,12970.9,2569.1
2185,2023-07-12,9,1,1,3,12000.0,50400.0,32349.41,18050.59
2186,2023-07-12,12,1,1,2,20200.0,56560.0,41041.39,15518.61
2187,2023-07-12,2,9,4,4,30100.0,168560.0,115198.3,53361.7
2188,2023-07-12,8,5,1,3,9000.0,37800.0,31629.65,6170.35
2189,2023-07-12,3,9,1,2,22700.0,63560.0,52378.02,11181.98
2190,2023-07-12,14,2,5,5,20900.0,146300.0,97174.29,49125.71
2191,2023-07-12,5,1,1,2,32100.0,89880.0,71078.89,18801.11
2192,2023-07-13,18,1,1,2,5100.0,14280.0,10489.71,3790.29
2193,2023-07-13,13,2,1,2,19800.0,55440.0,38827.34,16612.66
2194,2023-07-13,14,1,2,3,18000.0,75600.0,57028.72,18571.28
2195,2023-07-13,7,1,1,5,9200.0,64400.0,46357.54,18042.46
2196,2023-07-13,7,1,1,5,13400.0,93800.0,78785.55,15014.45
2197,2023-07-13,8,5,2,3,16000.0,67200.0,40728.94,26471.06
2198,2023-07-14,14,2,5,1,12700.0,17780.0,12591.87,5188.13
2199,2023-07-14,2,9,4,4,31100.0,174160.0,105146.82,69013.18
2200,2023-07-14,19,6,4,3,4600.0,19320.0,14039.36,5280.64
2201,2023-07-14,12,8,4,2,10900.0,30520.0,18637.64,11882.36
2202,2023-07-14,16,2,4,1,4800.0,6720.0,5435.67,1284.33
2203,2023-07-14,13,6,5,1,14200.0,19880.0,13323.27,6556.73
2204,2023-07-14,5,1,3,1,20300.0,28420.0,18501.36,9918.64
2205,2023-07-14,11,1,4,4,18000.0,100800.0,81100.79,19699.21
2206,2023-07-14,18,1,5,4,3600.0,20160.0,15893.41,4266.59
2207,2023-07-15,11,4,4,1,16900.0,23660.0,13784.49,9875.51
2208,2023-07-15,10,3,1,4,8500.0,47600.0,35432.43,12167.57
2209,2023-07-15,12,4,1,5,12300.0,86100.0,71720.94,14379.06
2210,2023-07-15,2,6,4,3,20200.0,84840.0,59633.83,25206.17
2211,2023-07-15,4,9,3,3,17800.0,74760.0,52734.79,22025.21
2212,2023-07-15,19,4,4,1,4900.0,6860.0,4858.01,2001.99
2213,2023-07-15,18,8,1,4,5400.0,30240.0,21582.41,8657.59
2214,2023-07-15,8,10,2,5,11000.0,77000.0,47022.87,29977.13
2215,2023-07-16,7,1,5,1,10200.0,14280.0,11409.9,2870.1
2216,2023-07-16,12,7,2,4,16400.0,91840.0,53775.47,38064.53
2217,2023-07-16,4,6,1,2,17900.0,50120.0,36416.99,13703.01
2218,2023-07-16,4,6,2,1,20000.0,28000.0,23390.2,4609.8
2219,2023-07-16,18,1,3,4,3700.0,20720.0,14549.12,6170.88
2220,2023-07-17,1,6,1,1,23200.0,32480.0,25526.21,6953.79
2221,2023-07-17,4,2,4,3,29600.0,124320.0,72121.43,52198.57
2222,2023-07-17,20,1,1,2,4300.0,12040.0,9993.11,2046.89
2223,2023-07-17,5,2,1,1,24900.0,34860.0,24326.43,10533.57
2224,2023-07-17,20,3,1,1,3300.0,4620.0,3700.89,919.11
2225,2023-07-17,16,6,1,4,5000.0,28000.0,22981.12,5018.88
2226,2023-07-18,12,4,1,2,17100.0,47880.0,29381.11,18498.89
2227,2023-07-18,6,1,1,4,9000.0,50400.0,29599.5,20800.5
2228,2023-07-18,3,1,4,4,21600.0,120960.0,88611.38,32348.62
2229,2023-07-18,1,8,2,3,34300.0,144060.0,107867.17,36192.83
2230,2023-07-18,10,7,5,2,12600.0,35280.0,29462.66,5817.34
2231,2023-07-18,17,1,1,1,4600.0,6440.0,3898.91,2541.09
2232,2023-07-18,3,1,5,5,24200.0,169400.0,105880.23,63519.77
2233,2023-07-19,14,2,1,4,13500.0,75600.0,63205.87,12394.13
2234,2023-07-19,12,8,2,4,15000.0,84000.0,61187.88,22812.12
2235,2023-07-19,5,1,2,5,19200.0,134400.0,94233.65,40166.35
2236,2023-07-19,13,10,4,5,16700.0,116900.0,72335.32,44564.68
2237,2023-07-19,8,1,1,2,15000.0,42000.0,24698.07,17301.93
2238,2023-07-19,8,1,1,1,10900.0,15260.0,10799.48,4460.52
2239,2023-07-19,8,4,3,5,11500.0,80500.0,61643.46,18856.54
2240,2023-07-19,20,2,1,5,5400.0,37800.0,29802.82,7997.18
2241,2023-07-19,19,1,1,5,4800.0,33600.0,27475.4,6124.6
2242,2023-07-20,14,6,1,4,17700.0,99120.0,66990.28,32129.72
2243,2023-07-20,7,1,1,5,8900.0,62300.0,37032.2,25267.8
2244,2023-07-20,5,10,1,2,27500.0,77000.0,52368.24,24631.76
2245,2023-07-20,18,1,2,2,5400.0,15120.0,12272.04,2847.96
2246,2023-07-20,9,2,3,5,11400.0,79800.0,60380.67,19419.33
2247,2023-07-21,12,6,4,4,16800.0,94080.0,63447.04,30632.96
2248,2023-07-21,11,1,4,1,16300.0,22820.0,19103.55,3716.45
2249,2023-07-21,2,1,2,2,32600.0,91280.0,53015.4,38264.6
2250,2023-07-22,12,3,2,4,15200.0,85120.0,62453.64,22666.36
2251,2023-07-22,12,1,4,5,15200.0,106400.0,64711.11,41688.89
2252,2023-07-22,4,1,1,3,19200.0,80640.0,60550.26,20089.74
2253,2023-07-22,18,2,1,4,5200.0,29120.0,23207.69,5912.31
2254,2023-07-22,5,1,2,4,25600.0,143360.0,106173.1,37186.9
2255,2023-07-22,12,10,1,2,18600.0,52080.0,34465.29,17614.71
2256,2023-07-22,6,9,4,5,9000.0,63000.0,41656.51,21343.49
2257,2023-07-22,6,9,4,4,13200.0,73920.0,52276.78,21643.22
2258,2023-07-22,15,4,4,2,10600.0,29680.0,21717.48,7962.52
2259,2023-07-22,13,10,4,2,17400.0,48720.0,33133.24,15586.76
2260,2023-07-23,1,9,1,4,25500.0,142800.0,106325.2,36474.8
2261,2023-07-23,9,9,4,1,9900.0,13860.0,11578.21,2281.79
2262,2023-07-24,17,1,1,1,3500.0,4900.0,3097.03,1802.97
2263,2023-07-24,1,1,4,1,33300.0,46620.0,31486.76,15133.24
2264,2023-07-24,9,9,4,5,10100.0,70700.0,52837.21,17862.79
2265,2023-07-24,9,2,1,4,15700.0,87920.0,62312.68,25607.32
2266,2023-07-25,3,1,1,2,25200.0,70560.0,43209.49,27350.51
2267,2023-07-25,13,4,1,5,12800.0,89600.0,62587.74,27012.26
2268,2023-07-25,17,2,4,4,3400.0,19040.0,14565.64,4474.36
2269,2023-07-25,16,1,5,1,5200.0,7280.0,6036.17,1243.83
2270,2023-07-25,2,5,5,2,18900.0,52920.0,43011.5,9908.5
2271,2023-07-25,7,1,1,4,12500.0,70000.0,52422.58,17577.42
2272,2023-07-25,1,6,1,1,21000.0,29400.0,19991.79,9408.21
2273,2023-07-25,19,4,5,3,5300.0,22260.0,15469.97,6790.03
2274,2023-07-26,7,9,1,1,11600.0,16240.0,10278.92,5961.08
2275,2023-07-26,7,1,1,3,10400.0,43680.0,34406.34,9273.66
2276,2023-07-26,6,3,5,5,16700.0,116900.0,85514.56,31385.44
2277,2023-07-27,20,10,4,2,4100.0,11480.0,7430.83,4049.17
2278,2023-07-27,5,9,1,1,29200.0,40880.0,29367.77,11512.23
2279,2023-07-27,14,9,1,5,17100.0,119700.0,71729.6,47970.4
2280,2023-07-27,2,5,1,1,31600.0,44240.0,27567.61,16672.39
2281,2023-07-27,9,8,4,2,12200.0,34160.0,28733.11,5426.89
2282,2023-07-27,5,5,4,2,31700.0,88760.0,62566.77,26193.23
2283,2023-07-27,4,1,3,1,31200.0,43680.0,25973.84,17706.16
2284,2023-07-28,16,1,5,2,3300.0,9240.0,7367.81,1872.19
2285,2023-07-28,10,1,5,5,10900.0,76300.0,63330.74,12969.26
2286,2023-07-28,5,4,1,3,32200.0,135240.0,114627.31,20612.69
2287,2023-07-28,15,8,2,1,21000.0,29400.0,18034.72,11365.28
2288,2023-07-28,14,2,1,2,20100.0,56280.0,41233.76,15046.24
2289,2023-07-29,4,2,3,5,20200.0,141400.0,100166.24,41233.76
2290,2023-07-29,9,1,4,5,9700.0,67900.0,42060.76,25839.24
2291,2023-07-29,5,9,1,4,23300.0,130480.0,100033.66,30446.34
2292,2023-07-29,1,4,1,2,29000.0,81200.0,57034.41,24165.59
2293,2023-07-30,13,9,1,4,11800.0,66080.0,50745.48,15334.52
2294,2023-07-30,1,10,1,5,25000.0,175000.0,126849.05,48150.95
2295,2023-07-30,4,1,3,4,21300.0,119280.0,94223.59,25056.41
2296,2023-07-30,11,2,4,4,13400.0,75040.0,49282.99,25757.01
2297,2023-07-30,14,1,4,1,17900.0,25060.0,16861.9,8198.1
2298,2023-07-31,1,2,5,1,27000.0,37800.0,22912.16,14887.84
2299,2023-07-31,18,1,5,3,3200.0,13440.0,7882.29,5557.71
2300,2023-07-31,13,2,1,2,12300.0,34440.0,20297.8,14142.2
2301,2023-07-31,17,1,4,1,4600.0,6440.0,5198.91,1241.09
2302,2023-07-31,20,4,1,4,3100.0,17360.0,13732.08,3627.92
2303,2023-08-01,13,4,1,3,13200.0,39600.0,24776.53,14823.47
2304,2023-08-01,14,6,1,2,11400.0,22800.0,17447.73,5352.27
2305,2023-08-01,17,5,4,2,3000.0,6000.0,5045.9,954.1
2306,2023-08-01,9,7,1,4,11100.0,44400.0,30783.85,13616.15
2307,2023-08-01,3,5,1,1,29000.0,29000.0,23931.55,5068.45
2308,2023-08-01,20,1,1,4,5400.0,21600.0,12966.18,8633.82
2309,2023-08-01,6,6,1,2,10900.0,21800.0,17722.34,4077.66
2310,2023-08-02,11,1,1,1,13200.0,13200.0,8673.77,4526.23
2311,2023-08-02,7,5,2,1,13600.0,13600.0,7948.92,5651.08
2312,2023-08-02,2,1,1,5,31800.0,159000.0,130585.64,28414.36
2313,2023-08-02,11,1,2,2,11100.0,22200.0,18709.51,3490.49
2314,2023-08-02,14,1,5,5,13100.0,65500.0,42095.44,23404.56
2315,2023-08-02,20,1,1,3,5400.0,16200.0,11424.82,4775.18
2316,2023-08-03,12,4,1,5,13100.0,65500.0,47913.37,17586.63
2317,2023-08-03,13,2,4,1,15900.0,15900.0,11774.18,4125.82
2318,2023-08-03,18,2,4,5,3500.0,17500.0,10359.75,7140.25
2319,2023-08-03,13,4,1,1,17500.0,17500.0,12586.33,4913.67
2320,2023-08-03,2,7,4,4,18800.0,75200.0,58035.17,17164.83
2321,2023-08-04,8,2,4,3,15200.0,45600.0,35533.35,10066.65
2322,2023-08-04,20,10,1,3,4400.0,13200.0,8563.43,4636.57
2323,2023-08-04,10,1,4,5,16100.0,80500.0,53595.95,26904.05
2324,2023-08-05,10,6,1,5,16100.0,80500.0,61008.23,19491.77
2325,2023-08-05,2,2,3,1,24000.0,24000.0,18321.02,5678.98
2326,2023-08-05,16,1,4,4,5300.0,21200.0,17943.21,3256.79
2327,2023-08-05,20,6,4,3,4200.0,12600.0,9873.27,2726.73
2328,2023-08-05,17,2,1,1,5200.0,5200.0,4263.91,936.09
2329,2023-08-05,20,4,1,4,3700.0,14800.0,12432.83,2367.17
2330,2023-08-05,5,1,2,2,26900.0,53800.0,31994.44,21805.56
2331,2023-08-06,9,9,5,3,15300.0,45900.0,31726.84,14173.16
2332,2023-08-06,3,8,1,4,20600.0,82400.0,54423.01,27976.99
2333,2023-08-06,5,5,1,4,26300.0,105200.0,74353.14,30846.86
2334,2023-08-06,11,4,1,5,19400.0,97000.0,64598.72,32401.28
2335,2023-08-07,20,1,1,5,4800.0,24000.0,19563.35,4436.65
2336,2023-08-07,19,4,1,5,5400.0,27000.0,18471.93,8528.07
2337,2023-08-07,15,9,3,2,18200.0,36400.0,28094.25,8305.75
2338,2023-08-07,6,2,2,1,10900.0,10900.0,6957.47,3942.53
2339,2023-08-07,19,2,1,3,4300.0,12900.0,10666.16,2233.84
2340,2023-08-07,18,9,5,1,4700.0,4700.0,3219.34,1480.66
2341,2023-08-07,6,7,1,5,10200.0,51000.0,33613.52,17386.48
2342,2023-08-07,16,8,2,1,3000.0,3000.0,1908.03,1091.97
2343,2023-08-08,11,1,5,4,18500.0,74000.0,46927.71,27072.29
2344,2023-08-08,8,1,2,3,9400.0,28200.0,18719.85,9480.15
2345,2023-08-08,19,5,5,1,4600.0,4600.0,3048.95,1551.05
2346,2023-08-08,2,1,3,5,33700.0,168500.0,125107.78,43392.22
2347,2023-08-08,18,1,1,3,5200.0,15600.0,10209.08,5390.92
2348,2023-08-08,15,8,4,3,19300.0,57900.0,37225.98,20674.02
2349,2023-08-08,16,6,1,3,4600.0,13800.0,8675.4,5124.6
2350,2023-08-08,6,1,2,3,12100.0,36300.0,21298.93,15001.07
2351,2023-08-08,14,2,1,4,19100.0,76400.0,53325.12,23074.88
2352,2023-08-08,11,1,1,4,10500.0,42000.0,32621.25,9378.75
2353,2023-08-09,6,1,5,2,10400.0,20800.0,13067.45,7732.55
2354,2023-08-09,20,2,5,5,3300.0,16500.0,12089.18,4410.82
2355,2023-08-09,17,6,1,4,3100.0,12400.0,9910.87,2489.13
2356,2023-08-09,8,2,2,3,12400.0,37200.0,29564.89,7635.11
2357,2023-08-09,9,1,1,5,12500.0,62500.0,44467.27,18032.73
2358,2023-08-09,15,1,1,1,18700.0,18700.0,13871.52,4828.48
2359,2023-08-09,9,3,1,3,15500.0,46500.0,34963.7,11536.3
2360,2023-08-10,15,2,1,1,12600.0,12600.0,9031.16,3568.84
2361,2023-08-10,5,4,6,1,30000.0,30000.0,24791.17,5208.83
2362,2023-08-10,1,1,1,4,26600.0,106400.0,68256.21,38143.79
2363,2023-08-10,14,9,4,2,12900.0,25800.0,18268.88,7531.12
2364,2023-08-10,9,1,3,3,10600.0,31800.0,19060.08,12739.92
2365,2023-08-10,12,4,5,5,18200.0,91000.0,55987.69,35012.31
2366,2023-08-10,8,1,1,4,11300.0,45200.0,38354.55,6845.45
2367,2023-08-10,8,6,4,5,13300.0,66500.0,48610.05,17889.95
2368,2023-08-10,19,6,1,2,4300.0,8600.0,5081.87,3518.13
2369,2023-08-10,11,9,4,4,14000.0,56000.0,44695.17,11304.83
2370,2023-08-11,2,1,1,4,25700.0,102800.0,64401.8,38398.2
2371,2023-08-12,6,1,6,3,14800.0,44400.0,37031.04,7368.96
2372,2023-08-12,19,1,1,4,4700.0,18800.0,13594.7,5205.3
2373,2023-08-12,16,6,4,4,3700.0,14800.0,10296.56,4503.44
2374,2023-08-12,7,9,2,2,13300.0,26600.0,15652.37,10947.63
2375,2023-08-12,13,4,1,4,19400.0,77600.0,49373.64,28226.36
2376,2023-08-12,4,2,1,2,18500.0,37000.0,31071.96,5928.04
2377,2023-08-12,18,4,5,3,4800.0,14400.0,11969.38,2430.62
2378,2023-08-12,17,5,4,5,4100.0,20500.0,13844.88,6655.12
2379,2023-08-12,2,5,2,4,21300.0,85200.0,52618.06,32581.94
2380,2023-08-13,11,9,5,4,12100.0,48400.0,29081.34,19318.66
2381,2023-08-13,6,10,5,5,8400.0,42000.0,25777.74,16222.26
2382,2023-08-13,16,2,4,2,2900.0,5800.0,3767.32,2032.68
2383,2023-08-13,16,5,4,4,4100.0,16400.0,12422.59,3977.41
2384,2023-08-13,17,9,2,3,3200.0,9600.0,5899.62,3700.38
2385,2023-08-13,10,1,1,5,12100.0,60500.0,46243.85,14256.15
2386,2023-08-13,10,2,1,3,14700.0,44100.0,26338.33,17761.67
2387,2023-08-13,8,3,1,5,9100.0,45500.0,34182.77,11317.23
2388,2023-08-14,12,4,2,3,13700.0,41100.0,26448.47,14651.53
2389,2023-08-14,13,2,2,2,20500.0,41000.0,25591.35,15408.65
2390,2023-08-14,18,4,5,3,3600.0,10800.0,6749.38,4050.62
2391,2023-08-14,18,2,5,5,5600.0,28000.0,17284.26,10715.74
2392,2023-08-14,18,4,2,2,5400.0,10800.0,8409.11,2390.89
2393,2023-08-15,9,5,1,5,12300.0,61500.0,38593.75,22906.25
2394,2023-08-15,15,9,1,5,18200.0,91000.0,72720.86,18279.14
2395,2023-08-15,4,1,1,3,30600.0,91800.0,75947.93,15852.07
2396,2023-08-15,5,1,4,1,18600.0,18600.0,11440.82,7159.18
2397,2023-08-15,16,9,1,1,3000.0,3000.0,2495.52,504.48
2398,2023-08-15,11,1,1,4,15400.0,61600.0,40499.02,21100.98
2399,2023-08-15,3,8,1,4,23600.0,94400.0,58845.38,35554.62
2400,2023-08-15,10,9,1,1,15300.0,15300.0,11221.86,4078.14
2401,2023-08-16,8,4,3,2,16000.0,32000.0,26411.65,5588.35
2402,2023-08-16,19,9,4,5,4100.0,20500.0,14341.2,6158.8
2403,2023-08-16,4,2,6,3,26400.0,79200.0,61226.03,17973.97
2404,2023-08-16,20,5,1,1,4800.0,4800.0,3771.41,1028.59
2405,2023-08-16,19,10,1,1,3300.0,3300.0,2794.7,505.3
2406,2023-08-16,16,1,5,1,5400.0,5400.0,3350.86,2049.14
2407,2023-08-16,8,2,1,4,14900.0,59600.0,40333.5,19266.5
2408,2023-08-17,10,1,4,1,8500.0,8500.0,7159.92,1340.08
2409,2023-08-17,10,5,4,1,13400.0,13400.0,11161.1,2238.9
2410,2023-08-17,4,2,5,2,29000.0,58000.0,48067.27,9932.73
2411,2023-08-17,4,10,1,4,21500.0,86000.0,57433.89,28566.11
2412,2023-08-18,7,9,4,5,14500.0,72500.0,60402.87,12097.13
2413,2023-08-18,17,4,4,3,5000.0,15000.0,9929.15,5070.85
2414,2023-08-18,8,4,1,5,10700.0,53500.0,33658.92,19841.08
2415,2023-08-18,7,1,1,5,14400.0,72000.0,46429.74,25570.26
2416,2023-08-18,3,1,4,5,26300.0,131500.0,110939.75,20560.25
2417,2023-08-18,13,8,1,5,16200.0,81000.0,54905.61,26094.39
2418,2023-08-19,19,1,3,3,3600.0,10800.0,8365.68,2434.32
2419,2023-08-19,2,1,1,3,20600.0,61800.0,36778.76,25021.24
2420,2023-08-19,8,4,1,5,16300.0,81500.0,62046.89,19453.11
2421,2023-08-19,4,1,1,3,28000.0,84000.0,59454.37,24545.63
2422,2023-08-19,7,8,5,3,14100.0,42300.0,27124.46,15175.54
2423,2023-08-19,15,1,4,5,12000.0,60000.0,46447.44,13552.56
2424,2023-08-19,13,4,4,2,20400.0,40800.0,32351.23,8448.77
2425,2023-08-19,20,1,1,5,5300.0,26500.0,18174.59,8325.41
2426,2023-08-19,3,1,4,4,29600.0,118400.0,99663.38,18736.62
2427,2023-08-19,16,2,6,1,4300.0,4300.0,2675.79,1624.21
2428,2023-08-20,6,5,1,2,16700.0,33400.0,23926.44,9473.56
2429,2023-08-20,18,2,1,3,3100.0,9300.0,6861.45,2438.55
2430,2023-08-20,18,4,2,3,3600.0,10800.0,6659.46,4140.54
2431,2023-08-20,8,1,4,4,15400.0,61600.0,47209.81,14390.19
2432,2023-08-20,12,2,1,4,17100.0,68400.0,50817.22,17582.78
2433,2023-08-20,17,2,4,1,3100.0,3100.0,2074.47,1025.53
2434,2023-08-20,4,2,1,1,30600.0,30600.0,18711.26,11888.74
2435,2023-08-20,5,1,3,3,31800.0,95400.0,76124.41,19275.59
2436,2023-08-21,18,4,1,3,3800.0,11400.0,7685.74,3714.26
2437,2023-08-21,5,1,4,2,21000.0,42000.0,30433.56,11566.44
2438,2023-08-21,16,9,4,2,4100.0,8200.0,5548.75,2651.25
2439,2023-08-21,17,2,4,1,4900.0,4900.0,3398.52,1501.48
2440,2023-08-21,13,2,1,4,13200.0,52800.0,38088.22,14711.78
2441,2023-08-21,2,9,6,1,27800.0,27800.0,16306.02,11493.98
2442,2023-08-21,17,3,5,1,3500.0,3500.0,2187.21,1312.79
2443,2023-08-22,2,1,1,4,26000.0,104000.0,63460.53,40539.47
2444,2023-08-22,12,9,4,4,11400.0,45600.0,29679.78,15920.22
2445,2023-08-22,1,4,4,3,18700.0,56100.0,45455.05,10644.95
2446,2023-08-22,18,1,4,4,4800.0,19200.0,13854.94,5345.06
2447,2023-08-22,5,1,5,2,22600.0,45200.0,29966.14,15233.86
2448,2023-08-22,16,2,4,3,4800.0,14400.0,9322.29,5077.71
2449,2023-08-22,19,5,4,2,3800.0,7600.0,6279.67,1320.33
2450,2023-08-22,9,4,1,2,15300.0,30600.0,19370.14,11229.86
2451,2023-08-22,4,1,1,1,22500.0,22500.0,18363.54,4136.46
2452,2023-08-22,11,8,5,5,14000.0,70000.0,58516.16,11483.84
2453,2023-08-23,19,6,1,2,4500.0,9000.0,6530.26,2469.74
2454,2023-08-23,18,2,4,2,3000.0,6000.0,3691.76,2308.24
2455,2023-08-23,19,1,5,2,5500.0,11000.0,8630.34,2369.66
2456,2023-08-24,15,8,2,4,17600.0,70400.0,57993.73,12406.27
2457,2023-08-24,5,8,2,1,28400.0,28400.0,16679.24,11720.76
2458,2023-08-24,18,1,1,1,5300.0,5300.0,4394.6,905.4
2459,2023-08-24,5,4,4,4,34400.0,137600.0,97355.2,40244.8
2460,2023-08-24,18,1,1,3,4600.0,13800.0,10222.82,3577.18
2461,2023-08-24,1,8,3,3,29800.0,89400.0,61573.39,27826.61
2462,2023-08-25,20,2,1,2,3000.0,6000.0,4267.18,1732.82
2463,2023-08-25,1,4,4,4,28100.0,112400.0,65936.26,46463.74
2464,2023-08-25,2,2,1,5,34900.0,174500.0,122410.58,52089.42
2465,2023-08-25,8,4,1,1,12000.0,12000.0,7234.72,4765.28
2466,2023-08-25,18,7,1,5,3800.0,19000.0,11958.11,7041.89
2467,2023-08-25,6,9,2,2,15900.0,31800.0,24867.26,6932.74
2468,2023-08-25,9,1,1,1,14500.0,14500.0,10995.38,3504.62
2469,2023-08-25,19,8,2,5,4000.0,20000.0,14470.34,5529.66
2470,2023-08-25,6,2,1,2,11600.0,23200.0,19229.69,3970.31
2471,2023-08-25,4,3,1,5,19900.0,99500.0,74024.78,25475.22
2472,2023-08-25,11,4,4,1,17600.0,17600.0,12442.01,5157.99
2473,2023-08-25,8,3,4,2,15600.0,31200.0,18192.16,13007.84
2474,2023-08-25,17,2,1,5,3800.0,19000.0,13570.39,5429.61
2475,2023-08-26,2,1,4,2,33700.0,67400.0,43960.79,23439.21
2476,2023-08-26,2,7,4,1,24400.0,24400.0,19404.55,4995.45
2477,2023-08-26,14,2,4,2,15700.0,31400.0,18239.16,13160.84
2478,2023-08-26,13,4,1,5,20600.0,103000.0,78165.46,24834.54
2479,2023-08-26,10,2,1,3,11000.0,33000.0,22979.52,10020.48
2480,2023-08-27,1,2,4,3,33800.0,101400.0,85874.88,15525.12
2481,2023-08-27,6,4,4,4,14100.0,56400.0,46253.44,10146.56
2482,2023-08-27,9,1,1,2,15100.0,30200.0,20525.82,9674.18
2483,2023-08-27,5,2,2,3,20500.0,61500.0,44106.25,17393.75
2484,2023-08-27,9,6,2,3,9600.0,28800.0,21904.81,6895.19
2485,2023-08-27,4,4,1,1,31000.0,31000.0,18563.73,12436.27
2486,2023-08-28,8,3,2,5,12900.0,64500.0,40634.26,23865.74
2487,2023-08-28,17,2,4,5,3800.0,19000.0,11248.91,7751.09
2488,2023-08-28,5,2,1,1,25600.0,25600.0,16400.42,9199.58
2489,2023-08-28,6,1,5,4,14800.0,59200.0,46253.1,12946.9
2490,2023-08-28,5,1,4,3,33100.0,99300.0,74352.15,24947.85
2491,2023-08-28,6,2,4,3,16200.0,48600.0,29446.27,19153.73
2492,2023-08-28,4,1,5,1,23000.0,23000.0,15805.93,7194.07
2493,2023-08-29,4,4,1,4,25800.0,103200.0,64891.57,38308.43
2494,2023-08-29,19,5,1,4,3300.0,13200.0,8403.37,4796.63
2495,2023-08-29,13,10,6,5,16900.0,84500.0,63761.99,20738.01
2496,2023-08-29,17,1,1,5,5200.0,26000.0,15226.62,10773.38
2497,2023-08-29,14,9,1,3,20600.0,61800.0,42840.65,18959.35
2498,2023-08-30,4,4,4,3,27600.0,82800.0,64447.84,18352.16
2499,2023-08-30,14,1,1,2,11200.0,22400.0,13383.97,9016.03
2500,2023-08-30,3,8,4,1,32600.0,32600.0,27629.86,4970.14
2501,2023-08-30,9,4,2,1,8600.0,8600.0,7228.55,1371.45
2502,2023-08-30,2,4,4,5,25500.0,127500.0,99822.32,27677.68
2503,2023-08-31,12,9,4,2,13700.0,27400.0,20151.23,7248.77
2504,2023-08-31,4,8,4,4,26700.0,106800.0,81113.87,25686.13
2505,2023-08-31,3,1,1,4,18500.0,74000.0,52186.46,21813.54
2506,2023-08-31,20,8,4,3,3000.0,9000.0,6331.45,2668.55
2507,2023-09-01,2,1,1,2,31300.0,62600.0,51572.09,11027.91
2508,2023-09-01,4,1,4,5,20500.0,102500.0,64404.77,38095.23
2509,2023-09-01,1,1,5,4,26000.0,104000.0,60405.79,43594.21
2510,2023-09-02,9,4,5,2,13800.0,27600.0,19197.66,8402.34
2511,2023-09-02,10,1,4,2,8900.0,17800.0,11949.79,5850.21
2512,2023-09-02,3,6,3,2,18000.0,36000.0,23023.4,12976.6
2513,2023-09-02,10,2,4,3,10300.0,30900.0,25879.24,5020.76
2514,2023-09-02,4,1,4,2,26800.0,53600.0,38641.74,14958.26
2515,2023-09-03,1,1,4,5,34900.0,174500.0,117571.71,56928.29
2516,2023-09-03,19,4,1,5,5400.0,27000.0,22847.53,4152.47
2517,2023-09-03,7,6,4,5,13800.0,69000.0,55683.79,13316.21
2518,2023-09-03,8,1,1,3,10000.0,30000.0,24338.29,5661.71
2519,2023-09-03,8,9,1,3,8900.0,26700.0,17100.42,9599.58
2520,2023-09-03,13,9,3,4,16800.0,67200.0,54839.61,12360.39
2521,2023-09-03,2,8,1,3,28100.0,84300.0,54132.82,30167.18
2522,2023-09-03,8,7,2,1,15200.0,15200.0,12077.3,3122.7
2523,2023-09-03,16,9,4,3,5100.0,15300.0,10946.59,4353.41
2524,2023-09-04,10,1,1,2,11200.0,22400.0,16416.87,5983.13
2525,2023-09-04,16,5,4,5,3500.0,17500.0,14663.02,2836.98
2526,2023-09-04,20,1,2,1,5500.0,5500.0,3915.3,1584.7
2527,2023-09-04,7,2,4,1,13900.0,13900.0,10002.73,3897.27
2528,2023-09-04,13,4,1,2,11000.0,22000.0,18223.05,3776.95
2529,2023-09-04,18,7,4,3,4200.0,12600.0,9843.13,2756.87
2530,2023-09-04,3,3,1,4,20500.0,82000.0,48768.13,33231.87
2531,2023-09-04,5,1,4,1,31000.0,31000.0,19185.83,11814.17
2532,2023-09-04,2,10,2,5,24400.0,122000.0,93024.27,28975.73
2533,2023-09-04,8,8,1,4,11000.0,44000.0,30793.92,13206.08
2534,2023-09-05,15,2,1,4,11400.0,45600.0,35130.96,10469.04
2535,2023-09-05,17,8,1,2,3100.0,6200.0,3928.05,2271.95
2536,2023-09-05,9,1,1,3,10000.0,30000.0,17895.04,12104.96
2537,2023-09-06,20,6,1,5,2800.0,14000.0,8343.1,5656.9
2538,2023-09-06,1,9,2,4,26300.0,105200.0,76830.84,28369.16
2539,2023-09-06,14,1,4,5,15600.0,78000.0,58669.18,19330.82
2540,2023-09-06,9,9,1,1,11000.0,11000.0,7327.79,3672.21
2541,2023-09-06,19,9,1,4,5100.0,20400.0,14227.36,6172.64
2542,2023-09-07,17,1,4,5,4000.0,20000.0,15975.22,4024.78
2543,2023-09-07,4,1,4,4,18500.0,74000.0,56985.54,17014.46
2544,2023-09-07,7,9,2,1,15000.0,15000.0,9442.58,5557.42
2545,2023-09-07,7,1,5,4,14500.0,58000.0,41605.11,16394.89
2546,2023-09-08,8,4,1,2,16500.0,33000.0,27642.64,5357.36
2547,2023-09-08,17,6,1,4,3400.0,13600.0,10492.19,3107.81
2548,2023-09-09,4,2,4,2,19800.0,39600.0,25646.76,13953.24
2549,2023-09-09,18,6,4,3,4600.0,13800.0,11361.22,2438.78
2550,2023-09-09,10,1,1,5,13600.0,68000.0,56973.79,11026.21
2551,2023-09-09,2,6,2,4,27100.0,108400.0,81080.85,27319.15
2552,2023-09-09,18,9,1,4,3300.0,13200.0,8575.55,4624.45
2553,2023-09-09,8,2,2,4,8600.0,34400.0,23147.57,11252.43
2554,2023-09-09,17,5,1,3,5100.0,15300.0,11602.1,3697.9
2555,2023-09-09,7,1,4,5,15500.0,77500.0,57459.27,20040.73
2556,2023-09-09,14,4,3,5,10700.0,53500.0,37263.04,16236.96
2557,2023-09-10,17,9,4,5,4900.0,24500.0,20621.45,3878.55
2558,2023-09-10,13,1,5,2,13200.0,26400.0,16953.05,9446.95
2559,2023-09-10,1,6,1,1,29000.0,29000.0,24591.42,4408.58
2560,2023-09-10,8,10,3,3,9700.0,29100.0,20930.94,8169.06
2561,2023-09-11,17,1,1,5,4700.0,23500.0,16489.06,7010.94
2562,2023-09-11,3,1,1,5,23600.0,118000.0,88874.27,29125.73
2563,2023-09-12,13,9,5,3,14400.0,43200.0,32518.97,10681.03
2564,2023-09-12,2,3,1,1,19800.0,19800.0,16109.07,3690.93
2565,2023-09-13,1,1,2,5,18900.0,94500.0,71827.49,22672.51
2566,2023-09-13,6,4,1,5,16700.0,83500.0,61380.7,22119.3
2567,2023-09-13,19,10,3,1,5100.0,5100.0,3049.57,2050.43
2568,2023-09-13,1,2,5,2,33900.0,67800.0,41045.11,26754.89
2569,2023-09-13,15,1,2,1,12100.0,12100.0,7231.19,4868.81
2570,2023-09-13,6,1,1,4,11500.0,46000.0,33509.72,12490.28
2571,2023-09-14,8,1,1,5,11700.0,58500.0,37148.39,21351.61
2572,2023-09-14,20,2,2,4,4300.0,17200.0,11267.73,5932.27
2573,2023-09-14,14,10,1,3,19600.0,58800.0,36028.76,22771.24
2574,2023-09-14,16,3,2,5,5200.0,26000.0,15763.06,10236.94
2575,2023-09-14,18,1,4,3,3600.0,10800.0,8945.94,1854.06
2576,2023-09-14,6,2,1,3,15000.0,45000.0,32473.43,12526.57
2577,2023-09-15,16,1,4,5,4800.0,24000.0,15052.37,8947.63
2578,2023-09-15,17,7,2,3,3900.0,11700.0,9316.72,2383.28
2579,2023-09-15,5,1,1,2,17700.0,35400.0,26378.26,9021.74
2580,2023-09-15,16,1,4,1,4200.0,4200.0,3337.16,862.84
2581,2023-09-15,9,9,1,5,14100.0,70500.0,40943.4,29556.6
2582,2023-09-16,6,1,1,4,12000.0,48000.0,39609.03,8390.97
2583,2023-09-16,13,1,5,5,19400.0,97000.0,64131.1,32868.9
2584,2023-09-16,1,2,1,1,21900.0,21900.0,17867.74,4032.26
2585,2023-09-16,9,2,4,2,11100.0,22200.0,16740.05,5459.95
2586,2023-09-17,11,9,5,2,11500.0,23000.0,16395.63,6604.37
2587,2023-09-17,14,2,6,4,17800.0,71200.0,45873.82,25326.18
2588,2023-09-17,12,1,1,3,12100.0,36300.0,24171.31,12128.69
2589,2023-09-17,6,6,2,1,11800.0,11800.0,7928.87,3871.13
2590,2023-09-18,3,1,3,5,31800.0,159000.0,106668.03,52331.97
2591,2023-09-18,3,10,4,5,34900.0,174500.0,143300.2,31199.8
2592,2023-09-18,4,8,5,4,25800.0,103200.0,63755.59,39444.41
2593,2023-09-18,17,1,2,4,4000.0,16000.0,12185.29,3814.71
2594,2023-09-18,12,5,1,3,19000.0,57000.0,42705.72,14294.28
2595,2023-09-18,12,3,1,1,14300.0,14300.0,11021.37,3278.63
2596,2023-09-19,20,4,1,5,3900.0,19500.0,14495.64,5004.36
2597,2023-09-19,17,1,4,5,4800.0,24000.0,19611.6,4388.4
2598,2023-09-19,10,2,1,1,11700.0,11700.0,8190.97,3509.03
2599,2023-09-20,11,2,1,1,12500.0,12500.0,8592.77,3907.23
2600,2023-09-20,14,6,6,2,15100.0,30200.0,25189.4,5010.6
2601,2023-09-21,11,10,4,1,14400.0,14400.0,10007.89,4392.11
2602,2023-09-22,10,9,1,1,10900.0,10900.0,6482.82,4417.18
2603,2023-09-22,12,4,1,5,18400.0,92000.0,60634.42,31365.58
2604,2023-09-22,12,1,1,4,20500.0,82000.0,50277.94,31722.06
2605,2023-09-22,14,6,1,2,12500.0,25000.0,20881.62,4118.38
2606,2023-09-22,9,4,5,4,8500.0,34000.0,28656.44,5343.56
2607,2023-09-22,16,8,2,4,3500.0,14000.0,10282.45,3717.55
2608,2023-09-22,4,9,2,3,30700.0,92100.0,61610.3,30489.7
2609,2023-09-22,6,4,1,5,12200.0,61000.0,38606.31,22393.69
2610,2023-09-23,6,1,4,3,13700.0,41100.0,24435.09,16664.91
2611,2023-09-23,4,1,1,2,20400.0,40800.0,29573.09,11226.91
2612,2023-09-23,20,2,5,3,5500.0,16500.0,13399.17,3100.83
2613,2023-09-23,11,6,2,5,18300.0,91500.0,56917.09,34582.91
2614,2023-09-23,13,1,2,1,11500.0,11500.0,6792.43,4707.57
2615,2023-09-24,10,1,4,5,9400.0,47000.0,33518.05,13481.95
2616,2023-09-25,18,4,4,5,5500.0,27500.0,16235.85,11264.15
2617,2023-09-25,13,6,4,2,15900.0,31800.0,22350.97,9449.03
2618,2023-09-25,17,1,4,5,3800.0,19000.0,14803.31,4196.69
2619,2023-09-25,4,1,1,1,23100.0,23100.0,13897.01,9202.99
2620,2023-09-25,12,1,1,2,14200.0,28400.0,22273.1,6126.9
2621,2023-09-26,15,1,5,1,17900.0,17900.0,11672.9,6227.1
2622,2023-09-26,3,2,2,5,20400.0,102000.0,71314.59,30685.41
2623,2023-09-26,20,1,1,5,4500.0,22500.0,15157.68,7342.32
2624,2023-09-26,2,2,1,4,26300.0,105200.0,74487.45,30712.55
2625,2023-09-26,11,1,4,4,19500.0,78000.0,48153.03,29846.97
2626,2023-09-26,15,7,1,1,15200.0,15200.0,9046.37,6153.63
2627,2023-09-27,7,1,1,1,10300.0,10300.0,6475.35,3824.65
2628,2023-09-27,4,6,1,5,28400.0,142000.0,103942.69,38057.31
2629,2023-09-27,11,7,1,3,16200.0,48600.0,30783.05,17816.95
2630,2023-09-27,12,6,2,2,17800.0,35600.0,21101.06,14498.94
2631,2023-09-27,16,1,5,4,3800.0,15200.0,10932.57,4267.43
2632,2023-09-27,6,8,1,5,16700.0,83500.0,61229.98,22270.02
2633,2023-09-27,15,9,4,3,11100.0,33300.0,22996.38,10303.62
2634,2023-09-27,10,5,4,4,15300.0,61200.0,47285.12,13914.88
2635,2023-09-28,19,1,1,5,4500.0,22500.0,15231.43,7268.57
2636,2023-09-28,9,10,4,1,15200.0,15200.0,9941.12,5258.88
2637,2023-09-29,6,4,4,4,13400.0,53600.0,38399.98,15200.02
2638,2023-09-29,8,10,4,3,10200.0,30600.0,21641.79,8958.21
2639,2023-09-30,9,7,2,5,12300.0,61500.0,48156.27,13343.73
2640,2023-09-30,15,1,2,3,12000.0,36000.0,28868.97,7131.03
2641,2023-09-30,5,1,1,4,29300.0,117200.0,96226.36,20973.64
2642,2023-09-30,15,1,2,5,17700.0,88500.0,58583.93,29916.07
2643,2023-09-30,18,1,1,4,3700.0,14800.0,10485.99,4314.01
2644,2023-09-30,7,9,4,1,15600.0,15600.0,10622.23,4977.77
2645,2023-09-30,7,5,2,4,10500.0,42000.0,25178.73,16821.27
2646,2023-10-01,13,2,1,1,11200.0,11200.0,6786.81,4413.19
2647,2023-10-01,11,2,4,1,18000.0,18000.0,12683.55,5316.45
2648,2023-10-01,11,1,4,3,14600.0,43800.0,34432.86,9367.14
2649,2023-10-01,10,4,1,5,10200.0,51000.0,33775.58,17224.42
2650,2023-10-01,19,4,1,5,3100.0,15500.0,12065.68,3434.32
2651,2023-10-02,20,4,4,3,4500.0,13500.0,8017.8,5482.2
2652,2023-10-02,18,8,1,1,4100.0,4100.0,3324.65,775.35
2653,2023-10-02,5,4,1,3,35000.0,105000.0,74478.96,30521.04
2654,2023-10-02,12,5,1,2,20700.0,41400.0,33704.21,7695.79
2655,2023-10-03,16,7,4,2,5200.0,10400.0,8604.52,1795.48
2656,2023-10-03,6,1,1,5,15500.0,77500.0,60199.73,17300.27
2657,2023-10-03,11,1,4,1,12300.0,12300.0,9877.95,2422.05
2658,2023-10-03,11,2,5,3,20100.0,60300.0,44119.5,16180.5
2659,2023-10-04,14,8,1,1,18900.0,18900.0,13258.0,5642.0
2660,2023-10-04,4,9,4,3,23800.0,71400.0,59410.26,11989.74
2661,2023-10-04,7,5,1,1,13200.0,13200.0,10218.99,2981.01
2662,2023-10-04,1,4,1,5,32300.0,161500.0,115543.26,45956.74
2663,2023-10-04,19,1,1,1,3700.0,3700.0,2974.26,725.74
2664,2023-10-05,16,4,1,5,3500.0,17500.0,11326.54,6173.46
2665,2023-10-05,9,6,1,3,13800.0,41400.0,33379.16,8020.84
2666,2023-10-05,5,8,1,1,34400.0,34400.0,21060.11,13339.89
2667,2023-10-05,1,5,1,5,19600.0,98000.0,73565.2,24434.8
2668,2023-10-05,5,2,4,4,30000.0,120000.0,69686.08,50313.92
2669,2023-10-05,12,1,1,3,20400.0,61200.0,43061.96,18138.04
2670,2023-10-05,19,1,4,4,4900.0,19600.0,12892.85,6707.15
2671,2023-10-06,16,1,4,1,4400.0,4400.0,3397.51,1002.49
2672,2023-10-06,14,1,4,1,15200.0,15200.0,10719.44,4480.56
2673,2023-10-06,11,1,2,4,16600.0,66400.0,39089.71,27310.29
2674,2023-10-06,17,5,1,5,3600.0,18000.0,14794.4,3205.6
2675,2023-10-07,3,6,1,2,25800.0,51600.0,39276.32,12323.68
2676,2023-10-07,11,1,4,1,17400.0,17400.0,13838.07,3561.93
2677,2023-10-07,4,8,4,5,29100.0,145500.0,95759.2,49740.8
2678,2023-10-07,5,6,1,1,28000.0,28000.0,20232.38,7767.62
2679,2023-10-07,9,4,1,1,12700.0,12700.0,10072.11,2627.89
2680,2023-10-07,12,9,1,1,14700.0,14700.0,8555.68,6144.32
2681,2023-10-08,2,4,5,3,32200.0,96600.0,63376.75,33223.25
2682,2023-10-08,3,1,4,4,22300.0,89200.0,66032.73,23167.27
2683,2023-10-08,16,1,1,1,2900.0,2900.0,1791.02,1108.98
2684,2023-10-08,11,4,5,5,12700.0,63500.0,49961.64,13538.36
2685,2023-10-08,7,10,1,3,14500.0,43500.0,34219.37,9280.63
2686,2023-10-08,10,1,4,2,11500.0,23000.0,17879.2,5120.8
2687,2023-10-09,19,1,1,4,2800.0,11200.0,8484.01,2715.99
2688,2023-10-09,6,5,1,4,9500.0,38000.0,23583.58,14416.42
2689,2023-10-09,17,4,1,3,3800.0,11400.0,8525.09,2874.91
2690,2023-10-09,11,9,1,2,17800.0,35600.0,27348.37,8251.63
2691,2023-10-09,5,2,2,3,22100.0,66300.0,45847.64,20452.36
2692,2023-10-09,9,2,4,2,16200.0,32400.0,20118.19,12281.81
2693,2023-10-09,10,9,5,3,14500.0,43500.0,35847.4,7652.6
2694,2023-10-10,18,4,2,2,3700.0,7400.0,5171.1,2228.9
2695,2023-10-10,14,2,1,4,15600.0,62400.0,39057.76,23342.24
2696,2023-10-10,10,1,1,5,9400.0,47000.0,36230.98,10769.02
2697,2023-10-10,1,1,4,1,31900.0,31900.0,21085.92,10814.08
2698,2023-10-10,17,9,3,2,4000.0,8000.0,5723.96,2276.04
2699,2023-10-10,6,8,1,3,10800.0,32400.0,20982.2,11417.8
2700,2023-10-10,18,1,5,2,3200.0,6400.0,3762.19,2637.81
2701,2023-10-11,14,1,5,5,18500.0,92500.0,57445.32,35054.68
2702,2023-10-11,6,6,4,4,15200.0,60800.0,41378.05,19421.95
2703,2023-10-11,13,2,4,4,11000.0,44000.0,36252.39,7747.61
2704,2023-10-11,2,8,1,2,18200.0,36400.0,30379.62,6020.38
2705,2023-10-12,11,2,1,5,17400.0,87000.0,69309.2,17690.8
2706,2023-10-12,12,4,2,5,20900.0,104500.0,80702.05,23797.95
2707,2023-10-12,11,1,6,2,19800.0,39600.0,25524.66,14075.34
2708,2023-10-12,6,3,1,3,11100.0,33300.0,27663.02,5636.98
2709,2023-10-12,20,6,4,1,5300.0,5300.0,3880.29,1419.71
2710,2023-10-12,18,9,4,2,3400.0,6800.0,5728.94,1071.06
2711,2023-10-12,16,2,4,3,5100.0,15300.0,12272.62,3027.38
2712,2023-10-13,15,2,1,3,11200.0,33600.0,21894.79,11705.21
2713,2023-10-13,13,2,1,3,18800.0,56400.0,42906.72,13493.28
2714,2023-10-13,19,9,2,4,2800.0,11200.0,8239.67,2960.33
2715,2023-10-13,14,1,2,2,17400.0,34800.0,28986.95,5813.05
2716,2023-10-13,8,1,1,4,12700.0,50800.0,32086.15,18713.85
2717,2023-10-13,14,9,5,3,15400.0,46200.0,30009.01,16190.99
2718,2023-10-13,11,1,1,2,13000.0,26000.0,16435.72,9564.28
2719,2023-10-13,5,1,2,2,18200.0,36400.0,26810.21,9589.79
2720,2023-10-13,6,10,1,1,13700.0,13700.0,9587.68,4112.32
2721,2023-10-14,13,4,4,4,18300.0,73200.0,51148.71,22051.29
2722,2023-10-14,8,2,1,4,14800.0,59200.0,38215.63,20984.37
2723,2023-10-14,16,2,1,1,3500.0,3500.0,2097.73,1402.27
2724,2023-10-14,17,10,2,4,5000.0,20000.0,16381.07,3618.93
2725,2023-10-14,18,4,1,4,4300.0,17200.0,12981.05,4218.95
2726,2023-10-14,12,1,5,4,19500.0,78000.0,63705.38,14294.62
2727,2023-10-14,15,10,4,2,18600.0,37200.0,28857.78,8342.22
2728,2023-10-14,1,2,2,5,22900.0,114500.0,84254.61,30245.39
2729,2023-10-14,12,1,4,2,20500.0,41000.0,34354.82,6645.18
2730,2023-10-15,16,2,1,3,4400.0,13200.0,8086.94,5113.06
2731,2023-10-15,20,1,2,2,4100.0,8200.0,6162.88,2037.12
2732,2023-10-16,20,4,2,5,4700.0,23500.0,15352.5,8147.5
2733,2023-10-16,5,2,4,4,31300.0,125200.0,92066.41,33133.59
2734,2023-10-16,4,2,1,3,29800.0,89400.0,65472.35,23927.65
2735,2023-10-16,7,1,1,3,10700.0,32100.0,22100.45,9999.55
2736,2023-10-16,15,9,2,5,17200.0,86000.0,61119.83,24880.17
2737,2023-10-16,13,1,5,3,14800.0,44400.0,37549.02,6850.98
2738,2023-10-16,12,4,4,5,18600.0,93000.0,78709.81,14290.19
2739,2023-10-16,7,1,1,5,8500.0,42500.0,30340.14,12159.86
2740,2023-10-16,1,8,4,3,23600.0,70800.0,49032.63,21767.37
2741,2023-10-17,1,4,4,4,30500.0,122000.0,89444.11,32555.89
2742,2023-10-17,6,9,1,4,11600.0,46400.0,36980.44,9419.56
2743,2023-10-17,1,1,2,3,23200.0,69600.0,52016.35,17583.65
2744,2023-10-17,1,6,1,5,25500.0,127500.0,102004.82,25495.18
2745,2023-10-17,13,9,2,2,11100.0,22200.0,18402.44,3797.56
2746,2023-10-17,19,9,1,5,5100.0,25500.0,17549.66,7950.34
2747,2023-10-17,8,1,2,5,8900.0,44500.0,32507.2,11992.8
2748,2023-10-17,17,5,1,5,3200.0,16000.0,10328.48,5671.52
2749,2023-10-18,6,2,1,2,14600.0,29200.0,18813.98,10386.02
2750,2023-10-18,12,9,4,2,19300.0,38600.0,30567.71,8032.29
2751,2023-10-18,15,1,4,5,16300.0,81500.0,64909.45,16590.55
2752,2023-10-18,15,1,1,3,18700.0,56100.0,40752.5,15347.5
2753,2023-10-18,7,1,2,2,11300.0,22600.0,14379.08,8220.92
2754,2023-10-18,13,4,3,5,12200.0,61000.0,39824.69,21175.31
2755,2023-10-18,13,9,2,2,15200.0,30400.0,21355.35,9044.65
2756,2023-10-19,8,7,4,1,15800.0,15800.0,12033.87,3766.13
2757,2023-10-19,14,2,4,2,19700.0,39400.0,23088.04,16311.96
2758,2023-10-19,14,9,1,1,14900.0,14900.0,12340.04,2559.96
2759,2023-10-19,14,8,4,4,15400.0,61600.0,40136.49,21463.51
2760,2023-10-19,8,2,1,1,14700.0,14700.0,10856.48,3843.52
2761,2023-10-19,14,5,1,1,16200.0,16200.0,10391.36,5808.64
2762,2023-10-20,13,2,4,3,13600.0,40800.0,32005.85,8794.15
2763,2023-10-20,14,1,6,4,19800.0,79200.0,51654.84,27545.16
2764,2023-10-20,9,2,5,4,13000.0,52000.0,36212.0,15788.0
2765,2023-10-20,15,1,1,5,20200.0,101000.0,76781.0,24219.0
2766,2023-10-20,11,4,4,2,11600.0,23200.0,15033.19,8166.81
2767,2023-10-20,5,5,2,5,34000.0,170000.0,130298.98,39701.02
2768,2023-10-20,11,1,4,4,14200.0,56800.0,46830.28,9969.72
2769,2023-10-20,3,6,2,4,18000.0,72000.0,44355.72,27644.28
2770,2023-10-20,5,5,1,3,30200.0,90600.0,57847.36,32752.64
2771,2023-10-21,18,9,6,1,5100.0,5100.0,3043.08,2056.92
2772,2023-10-21,7,2,1,1,9900.0,9900.0,6192.68,3707.32
2773,2023-10-21,15,9,1,1,18700.0,18700.0,12809.68,5890.32
2774,2023-10-22,4,1,4,5,28300.0,141500.0,94038.47,47461.53
2775,2023-10-22,7,9,3,1,11600.0,11600.0,9780.02,1819.98
2776,2023-10-23,1,9,1,4,25700.0,102800.0,68566.07,34233.93
2777,2023-10-23,4,10,1,2,23100.0,46200.0,37549.87,8650.13
2778,2023-10-23,10,1,4,2,10900.0,21800.0,17219.07,4580.93
2779,2023-10-23,15,6,4,3,16100.0,48300.0,35870.95,12429.05
2780,2023-10-23,8,5,1,3,12000.0,36000.0,29254.24,6745.76
2781,2023-10-24,15,1,1,2,18100.0,36200.0,27477.06,8722.94
2782,2023-10-24,18,6,1,2,3700.0,7400.0,5735.44,1664.56
2783,2023-10-24,5,2,3,2,24800.0,49600.0,30754.82,18845.18
2784,2023-10-24,8,9,3,2,15200.0,30400.0,24800.94,5599.06
2785,2023-10-24,19,2,4,4,4900.0,19600.0,13768.64,5831.36
2786,2023-10-24,18,6,1,3,2800.0,8400.0,5951.47,2448.53
2787,2023-10-25,15,4,4,5,19700.0,98500.0,71799.11,26700.89
2788,2023-10-25,1,2,1,4,28800.0,115200.0,80047.89,35152.11
2789,2023-10-25,12,1,1,5,20900.0,104500.0,63811.55,40688.45
2790,2023-10-25,9,2,4,5,16100.0,80500.0,52748.52,27751.48
2791,2023-10-25,7,1,1,2,14000.0,28000.0,21130.66,6869.34
2792,2023-10-25,20,1,1,5,5100.0,25500.0,15319.66,10180.34
2793,2023-10-25,4,1,1,5,30700.0,153500.0,100071.75,53428.25
2794,2023-10-26,17,4,5,4,4800.0,19200.0,11377.18,7822.82
2795,2023-10-26,10,4,1,4,14300.0,57200.0,37363.8,19836.2
2796,2023-10-26,15,1,1,5,17800.0,89000.0,71011.08,17988.92
2797,2023-10-26,8,1,6,1,12200.0,12200.0,7390.33,4809.67
2798,2023-10-26,20,6,4,2,2800.0,5600.0,4402.13,1197.87
2799,2023-10-27,19,1,5,2,4200.0,8400.0,6797.54,1602.46
2800,2023-10-27,13,9,1,5,14000.0,70000.0,53219.05,16780.95
2801,2023-10-27,4,2,1,5,34100.0,170500.0,125570.87,44929.13
2802,2023-10-28,5,2,4,1,32900.0,32900.0,21535.14,11364.86
2803,2023-10-28,18,1,1,4,5200.0,20800.0,15493.52,5306.48
2804,2023-10-28,4,1,4,3,31400.0,94200.0,77328.23,16871.77
2805,2023-10-28,2,2,4,2,29400.0,58800.0,45734.78,13065.22
2806,2023-10-29,20,9,1,1,3200.0,3200.0,2305.86,894.14
2807,2023-10-29,4,10,2,5,34200.0,171000.0,137124.79,33875.21
2808,2023-10-29,4,4,5,3,22200.0,66600.0,44625.54,21974.46
2809,2023-10-30,4,1,3,4,33600.0,134400.0,110440.01,23959.99
2810,2023-10-30,19,9,2,3,3900.0,11700.0,8433.82,3266.18
2811,2023-10-30,16,2,1,1,3600.0,3600.0,2741.02,858.98
2812,2023-10-30,3,5,4,1,24500.0,24500.0,14338.38,10161.62
2813,2023-10-30,11,9,1,1,20900.0,20900.0,12521.76,8378.24
2814,2023-10-31,6,2,4,1,10900.0,10900.0,7758.76,3141.24
2815,2023-10-31,14,3,1,4,11800.0,47200.0,39467.85,7732.15
2816,2023-10-31,19,9,4,4,4500.0,18000.0,10978.32,7021.68
2817,2023-10-31,14,8,5,2,12200.0,24400.0,18831.74,5568.26
2818,2023-10-31,18,7,5,1,4600.0,4600.0,3009.28,1590.72
2819,2023-10-31,13,1,1,5,20800.0,104000.0,63392.82,40607.18
2820,2023-11-01,6,1,5,4,12900.0,51600.0,31292.74,20307.26
2821,2023-11-01,18,1,1,4,3300.0,13200.0,9458.9,3741.1
2822,2023-11-01,20,1,1,3,3800.0,11400.0,7940.66,3459.34
2823,2023-11-01,11,5,4,1,11400.0,11400.0,7984.56,3415.44
2824,2023-11-01,13,1,4,4,12400.0,49600.0,32534.7,17065.3
2825,2023-11-01,19,2,3,1,5500.0,5500.0,3952.29,1547.71
2826,2023-11-02,9,2,1,5,14200.0,71000.0,57011.03,13988.97
2827,2023-11-03,12,6,2,5,20900.0,104500.0,81489.91,23010.09
2828,2023-11-03,19,1,1,1,5200.0,5200.0,3365.02,1834.98
2829,2023-11-03,1,10,1,2,34000.0,68000.0,45910.29,22089.71
2830,2023-11-03,18,1,2,4,5000.0,20000.0,16495.5,3504.5
2831,2023-11-03,6,2,1,4,13500.0,54000.0,40873.86,13126.14
2832,2023-11-03,10,1,4,3,9000.0,27000.0,17251.57,9748.43
2833,2023-11-03,13,1,4,3,14400.0,43200.0,27526.46,15673.54
2834,2023-11-03,4,1,1,2,27800.0,55600.0,43884.61,11715.39
2835,2023-11-03,7,4,1,5,11100.0,55500.0,33868.5,21631.5
2836,2023-11-03,9,5,1,2,15500.0,31000.0,23722.69,7277.31
2837,2023-11-04,7,5,4,1,8500.0,8500.0,5146.23,3353.77
2838,2023-11-04,19,6,2,2,4400.0,8800.0,6616.82,2183.18
2839,2023-11-04,8,1,5,2,16500.0,33000.0,27304.47,5695.53
2840,2023-11-04,1,1,1,5,19400.0,97000.0,80941.74,16058.26
2841,2023-11-04,4,5,4,1,19200.0,19200.0,12789.51,6410.49
2842,2023-11-04,13,1,4,5,18900.0,94500.0,59331.99,35168.01
2843,2023-11-05,7,2,4,2,11400.0,22800.0,17499.26,5300.74
2844,2023-11-05,6,2,5,3,15600.0,46800.0,33619.92,13180.08
2845,2023-11-05,5,1,2,5,27100.0,135500.0,106302.49,29197.51
2846,2023-11-05,6,4,1,2,13000.0,26000.0,17979.68,8020.32
2847,2023-11-05,18,1,1,1,3600.0,3600.0,2100.59,1499.41
2848,2023-11-05,10,9,5,5,15600.0,78000.0,62827.05,15172.95
2849,2023-11-06,5,6,1,4,30400.0,121600.0,98428.33,23171.67
2850,2023-11-06,17,1,2,3,5400.0,16200.0,13639.1,2560.9
2851,2023-11-06,1,1,1,2,22100.0,44200.0,32251.75,11948.25
2852,2023-11-06,19,2,4,5,4600.0,23000.0,14847.33,8152.67
2853,2023-11-06,16,2,3,4,3900.0,15600.0,12316.68,3283.32
2854,2023-11-07,3,5,1,2,23800.0,47600.0,40445.87,7154.13
2855,2023-11-07,19,2,5,4,3900.0,15600.0,10152.24,5447.76
2856,2023-11-07,12,2,4,3,11800.0,35400.0,27298.49,8101.51
2857,2023-11-07,1,1,1,5,31800.0,159000.0,128246.15,30753.85
2858,2023-11-08,8,1,5,1,10400.0,10400.0,6891.37,3508.63
2859,2023-11-08,11,1,4,1,20800.0,20800.0,16411.21,4388.79
2860,2023-11-08,20,2,1,4,5300.0,21200.0,14624.18,6575.82
2861,2023-11-08,17,2,1,4,4900.0,19600.0,16056.05,3543.95
2862,2023-11-08,17,4,4,5,4000.0,20000.0,16816.44,3183.56
2863,2023-11-08,11,4,1,3,12000.0,36000.0,25442.81,10557.19
2864,2023-11-09,18,1,1,3,3900.0,11700.0,8278.28,3421.72
2865,2023-11-09,16,1,1,1,5400.0,5400.0,3185.19,2214.81
2866,2023-11-09,4,1,2,5,29500.0,147500.0,103738.48,43761.52
2867,2023-11-09,9,1,1,4,9700.0,38800.0,31825.82,6974.18
2868,2023-11-10,9,1,2,5,11300.0,56500.0,44169.88,12330.12
2869,2023-11-10,19,4,5,2,4300.0,8600.0,5173.25,3426.75
2870,2023-11-10,19,4,1,5,4200.0,21000.0,17035.34,3964.66
2871,2023-11-10,12,4,1,5,17800.0,89000.0,52634.13,36365.87
2872,2023-11-10,3,8,4,4,19800.0,79200.0,48134.12,31065.88
2873,2023-11-10,4,7,1,5,30500.0,152500.0,124468.83,28031.17
2874,2023-11-10,4,1,1,2,31900.0,63800.0,44342.4,19457.6
2875,2023-11-11,20,1,2,3,5600.0,16800.0,13650.27,3149.73
2876,2023-11-11,16,4,3,4,2900.0,11600.0,7278.54,4321.46
2877,2023-11-11,11,1,2,3,20300.0,60900.0,49117.35,11782.65
2878,2023-11-11,3,7,5,4,20400.0,81600.0,61344.69,20255.31
2879,2023-11-11,7,2,4,4,10000.0,40000.0,27715.31,12284.69
2880,2023-11-11,17,1,4,1,3600.0,3600.0,2889.94,710.06
2881,2023-11-11,13,2,2,1,11100.0,11100.0,7074.87,4025.13
2882,2023-11-12,13,1,1,4,12800.0,51200.0,33784.28,17415.72
2883,2023-11-12,16,9,2,5,3600.0,18000.0,12836.41,5163.59
2884,2023-11-12,15,2,5,1,12500.0,12500.0,8835.69,3664.31
2885,2023-11-12,11,1,1,5,14100.0,70500.0,45504.26,24995.74
2886,2023-11-12,19,1,4,3,2800.0,8400.0,6616.49,1783.51
2887,2023-11-12,15,8,4,4,16900.0,67600.0,41413.54,26186.46
2888,2023-11-13,12,7,1,4,10800.0,43200.0,25398.55,17801.45
2889,2023-11-13,18,7,2,2,4800.0,9600.0,7911.5,1688.5
2890,2023-11-14,16,2,4,5,4100.0,20500.0,14516.44,5983.56
2891,2023-11-14,3,1,4,3,26200.0,78600.0,55679.75,22920.25
2892,2023-11-14,6,2,4,4,10400.0,41600.0,26408.27,15191.73
2893,2023-11-14,5,9,2,5,25600.0,128000.0,101304.01,26695.99
2894,2023-11-14,1,1,1,4,28600.0,114400.0,79623.56,34776.44
2895,2023-11-15,10,2,4,1,10800.0,10800.0,7600.09,3199.91
2896,2023-11-15,6,6,3,5,10400.0,52000.0,32094.74,19905.26
2897,2023-11-15,3,9,1,3,25400.0,76200.0,63223.98,12976.02
2898,2023-11-15,19,4,4,2,5400.0,10800.0,6522.4,4277.6
2899,2023-11-15,6,6,4,3,16600.0,49800.0,38088.92,11711.08
2900,2023-11-15,12,2,1,4,19200.0,76800.0,50097.1,26702.9
2901,2023-11-16,3,2,1,1,18500.0,18500.0,12678.19,5821.81
2902,2023-11-16,13,2,1,3,16900.0,50700.0,41048.16,9651.84
2903,2023-11-16,20,1,1,4,4100.0,16400.0,12655.79,3744.21
2904,2023-11-16,9,4,2,1,9900.0,9900.0,5816.86,4083.14
2905,2023-11-16,13,10,3,1,18700.0,18700.0,12943.98,5756.02
2906,2023-11-16,15,2,2,3,14800.0,44400.0,28975.04,15424.96
2907,2023-11-17,20,2,1,2,3300.0,6600.0,3923.82,2676.18
2908,2023-11-17,15,2,4,4,16800.0,67200.0,54310.55,12889.45
2909,2023-11-17,11,6,4,3,14700.0,44100.0,35202.79,8897.21
2910,2023-11-17,8,5,1,2,9400.0,18800.0,12579.24,6220.76
2911,2023-11-17,11,4,2,5,18300.0,91500.0,69510.86,21989.14
2912,2023-11-17,7,2,1,5,11200.0,56000.0,33079.93,22920.07
2913,2023-11-18,1,1,1,3,28800.0,86400.0,64243.26,22156.74
2914,2023-11-18,19,1,3,2,4600.0,9200.0,7167.39,2032.61
2915,2023-11-18,18,1,2,5,5000.0,25000.0,16481.99,8518.01
2916,2023-11-18,17,1,1,2,4500.0,9000.0,5254.55,3745.45
2917,2023-11-18,3,1,2,1,31000.0,31000.0,24232.84,6767.16
2918,2023-11-19,4,2,1,3,18100.0,54300.0,33505.09,20794.91
2919,2023-11-19,1,9,5,2,18300.0,36600.0,29486.05,7113.95
2920,2023-11-19,8,10,1,4,15600.0,62400.0,36647.21,25752.79
2921,2023-11-19,20,10,1,1,5100.0,5100.0,4232.49,867.51
2922,2023-11-19,10,6,1,1,9500.0,9500.0,6830.31,2669.69
2923,2023-11-20,2,8,1,5,31900.0,159500.0,110513.95,48986.05
2924,2023-11-20,7,1,6,2,9800.0,19600.0,11591.32,8008.68
2925,2023-11-20,16,2,4,2,5400.0,10800.0,7444.54,3355.46
2926,2023-11-20,2,7,2,5,19100.0,95500.0,68692.86,26807.14
2927,2023-11-20,3,2,1,3,33800.0,101400.0,62370.49,39029.51
2928,2023-11-20,3,1,1,3,29200.0,87600.0,65742.1,21857.9
2929,2023-11-20,1,1,1,2,34300.0,68600.0,40860.51,27739.49
2930,2023-11-20,5,2,2,4,28500.0,114000.0,79228.92,34771.08
2931,2023-11-21,11,6,1,5,12200.0,61000.0,40549.5,20450.5
2932,2023-11-21,2,1,1,4,26600.0,106400.0,81837.27,24562.73
2933,2023-11-21,6,3,4,1,10500.0,10500.0,6554.67,3945.33
2934,2023-11-21,12,2,1,3,11600.0,34800.0,21046.85,13753.15
2935,2023-11-21,18,4,2,5,4200.0,21000.0,13112.42,7887.58
2936,2023-11-21,10,2,1,2,9300.0,18600.0,10933.36,7666.64
2937,2023-11-22,16,1,2,5,5600.0,28000.0,16333.53,11666.47
2938,2023-11-22,1,10,4,1,18100.0,18100.0,10668.92,7431.08
2939,2023-11-22,3,9,5,5,30900.0,154500.0,111243.01,43256.99
2940,2023-11-22,12,2,1,2,18700.0,37400.0,26074.83,11325.17
2941,2023-11-22,3,2,4,1,27900.0,27900.0,18179.04,9720.96
2942,2023-11-22,20,10,1,1,3600.0,3600.0,2178.74,1421.26
2943,2023-11-23,13,6,1,3,18800.0,56400.0,34501.53,21898.47
2944,2023-11-23,5,1,4,2,30000.0,60000.0,41188.91,18811.09
2945,2023-11-23,16,2,1,4,4900.0,19600.0,13164.32,6435.68
2946,2023-11-23,7,2,4,1,10100.0,10100.0,6682.31,3417.69
2947,2023-11-23,13,8,4,2,10700.0,21400.0,14120.07,7279.93
2948,2023-11-23,10,1,4,4,8700.0,34800.0,27328.38,7471.62
2949,2023-11-23,20,2,4,3,3300.0,9900.0,7834.38,2065.62
2950,2023-11-24,17,1,4,4,4500.0,18000.0,11677.56,6322.44
2951,2023-11-24,13,1,1,4,18100.0,72400.0,61303.85,11096.15
2952,2023-11-24,8,5,2,4,16700.0,66800.0,48738.35,18061.65
2953,2023-11-25,3,10,2,3,34800.0,104400.0,73459.38,30940.62
2954,2023-11-25,18,1,4,4,5300.0,21200.0,13340.72,7859.28
2955,2023-11-25,17,4,1,1,3800.0,3800.0,2729.41,1070.59
2956,2023-11-25,6,6,5,3,14000.0,42000.0,35168.43,6831.57
2957,2023-11-25,16,4,1,3,4300.0,12900.0,9489.94,3410.06
2958,2023-11-26,5,5,3,4,23100.0,92400.0,76411.71,15988.29
2959,2023-11-26,3,1,1,3,24300.0,72900.0,50679.56,22220.44
2960,2023-11-26,8,2,1,1,13000.0,13000.0,10742.36,2257.64
2961,2023-11-26,3,6,4,3,30300.0,90900.0,60439.47,30460.53
2962,2023-11-26,19,4,1,4,3900.0,15600.0,10807.66,4792.34
2963,2023-11-27,14,2,4,2,13700.0,27400.0,19077.98,8322.02
2964,2023-11-27,15,1,3,2,20500.0,41000.0,30040.44,10959.56
2965,2023-11-27,7,3,1,3,10500.0,31500.0,26430.75,5069.25
2966,2023-11-27,8,1,1,4,11900.0,47600.0,37778.34,9821.66
2967,2023-11-27,5,7,5,2,34100.0,68200.0,51125.34,17074.66
2968,2023-11-27,13,4,5,5,10900.0,54500.0,31651.2,22848.8
2969,2023-11-27,9,1,3,3,13200.0,39600.0,32963.31,6636.69
2970,2023-11-27,5,8,5,4,30200.0,120800.0,84252.94,36547.06
2971,2023-11-28,10,1,4,5,12300.0,61500.0,49506.44,11993.56
2972,2023-11-28,14,9,1,2,12500.0,25000.0,18600.95,6399.05
2973,2023-11-28,13,2,4,3,18600.0,55800.0,44517.7,11282.3
2974,2023-11-28,6,1,4,1,15700.0,15700.0,12127.18,3572.82
2975,2023-11-28,11,10,2,2,12200.0,24400.0,19777.4,4622.6
2976,2023-11-28,4,4,5,1,25400.0,25400.0,20692.8,4707.2
2977,2023-11-29,17,1,1,4,3100.0,12400.0,8563.63,3836.37
2978,2023-11-29,8,4,1,1,14200.0,14200.0,8448.58,5751.42
2979,2023-11-29,19,4,2,1,3200.0,3200.0,2521.47,678.53
2980,2023-11-29,18,1,4,2,3700.0,7400.0,5351.39,2048.61
2981,2023-11-30,2,1,2,4,24300.0,97200.0,66789.23,30410.77
2982,2023-11-30,15,3,3,4,17900.0,71600.0,47633.89,23966.11
2983,2023-11-30,14,2,2,2,16200.0,32400.0,26785.79,5614.21
2984,2023-11-30,7,4,1,5,14300.0,71500.0,50443.3,21056.7
2985,2023-11-30,8,9,4,5,14700.0,73500.0,57567.9,15932.1
2986,2023-11-30,7,1,6,1,10900.0,10900.0,7745.48,3154.52
2987,2023-11-30,7,2,1,5,12200.0,61000.0,49233.04,11766.96
2988,2023-12-01,10,7,1,4,8800.0,49280.0,31181.16,18098.84
2989,2023-12-01,19,9,6,5,3300.0,23100.0,15554.25,7545.75
2990,2023-12-02,2,5,1,5,28300.0,198100.0,117001.77,81098.23
2991,2023-12-02,13,10,2,1,18200.0,25480.0,17824.74,7655.26
2992,2023-12-02,15,6,1,3,16700.0,70140.0,46262.04,23877.96
2993,2023-12-02,9,1,4,2,10700.0,29960.0,23559.11,6400.89
2994,2023-12-02,20,1,1,2,3000.0,8400.0,6024.62,2375.38
2995,2023-12-02,11,1,1,2,12000.0,33600.0,23688.52,9911.48
2996,2023-12-02,1,9,4,4,23300.0,130480.0,86511.07,43968.93
2997,2023-12-03,9,10,4,1,13300.0,18620.0,12524.92,6095.08
2998,2023-12-03,10,1,4,5,11700.0,81900.0,52319.05,29580.95
2999,2023-12-03,16,5,4,2,4500.0,12600.0,10537.17,2062.83
3000,2023-12-03,18,1,1,2,5200.0,14560.0,9904.64,4655.36
3001,2023-12-03,11,2,1,5,14200.0,99400.0,76678.41,22721.59
3002,2023-12-04,20,1,4,4,3500.0,19600.0,12567.87,7032.13
3003,2023-12-04,5,1,3,5,24600.0,172200.0,133501.36,38698.64
3004,2023-12-04,16,1,6,2,4100.0,11480.0,9743.03,1736.97
3005,2023-12-04,3,6,1,2,34000.0,95200.0,78479.21,16720.79
3006,2023-12-04,12,1,1,3,20700.0,86940.0,58767.64,28172.36
3007,2023-12-05,19,1,1,5,3400.0,23800.0,16509.16,7290.84
3008,2023-12-05,16,1,1,1,5200.0,7280.0,5508.66,1771.34
3009,2023-12-05,5,7,1,5,18500.0,129500.0,99237.65,30262.35
3010,2023-12-06,10,3,1,1,9200.0,12880.0,7690.18,5189.82
3011,2023-12-06,19,4,2,3,4300.0,18060.0,11930.29,6129.71
3012,2023-12-06,1,2,5,4,26500.0,148400.0,90184.75,58215.25
3013,2023-12-06,10,10,3,1,8700.0,12180.0,7398.85,4781.15
3014,2023-12-06,3,2,1,3,26600.0,111720.0,89625.97,22094.03
3015,2023-12-06,16,9,2,3,5600.0,23520.0,14294.33,9225.67
3016,2023-12-07,13,10,6,2,16100.0,45080.0,33612.66,11467.34
3017,2023-12-07,15,2,4,2,12800.0,35840.0,23600.33,12239.67
3018,2023-12-07,1,2,5,1,18300.0,25620.0,20058.29,5561.71
3019,2023-12-07,7,1,6,3,14000.0,58800.0,45889.52,12910.48
3020,2023-12-07,9,9,4,5,13800.0,96600.0,66802.1,29797.9
3021,2023-12-07,2,1,1,1,24200.0,33880.0,23459.24,10420.76
3022,2023-12-07,15,4,3,4,17800.0,99680.0,70011.09,29668.91
3023,2023-12-08,11,4,1,1,15000.0,21000.0,15888.56,5111.44
3024,2023-12-08,6,1,4,4,12400.0,69440.0,46465.09,22974.91
3025,2023-12-08,2,1,1,4,20800.0,116480.0,67707.66,48772.34
3026,2023-12-08,1,1,4,1,28000.0,39200.0,28103.69,11096.31
3027,2023-12-08,19,7,5,3,4900.0,20580.0,14600.77,5979.23
3028,2023-12-08,11,10,1,2,18900.0,52920.0,33448.06,19471.94
3029,2023-12-09,9,5,1,1,16600.0,23240.0,17259.5,5980.5
3030,2023-12-09,6,1,4,1,14200.0,19880.0,16313.9,3566.1
3031,2023-12-09,17,3,4,5,3500.0,24500.0,15756.15,8743.85
3032,2023-12-09,17,2,6,2,5500.0,15400.0,12574.14,2825.86
3033,2023-12-09,5,1,1,5,34600.0,242200.0,145903.87,96296.13
3034,2023-12-09,11,8,1,4,16700.0,93520.0,56085.36,37434.64
3035,2023-12-10,9,5,4,2,11700.0,32760.0,24061.27,8698.73
3036,2023-12-10,14,2,1,1,13000.0,18200.0,11982.44,6217.56
3037,2023-12-10,15,4,1,4,15200.0,85120.0,63615.95,21504.05
3038,2023-12-10,11,4,4,5,12600.0,88200.0,68365.07,19834.93
3039,2023-12-10,8,2,2,3,9400.0,39480.0,31859.55,7620.45
3040,2023-12-11,3,6,1,3,32400.0,136080.0,89722.59,46357.41
3041,2023-12-11,3,2,5,2,25500.0,71400.0,44677.8,26722.2
3042,2023-12-11,18,1,1,1,3200.0,4480.0,2828.26,1651.74
3043,2023-12-11,1,1,6,1,32800.0,45920.0,35836.69,10083.31
3044,2023-12-11,5,2,2,1,23400.0,32760.0,22546.04,10213.96
3045,2023-12-11,13,1,1,2,17600.0,49280.0,31845.84,17434.16
3046,2023-12-11,14,1,1,5,19500.0,136500.0,92989.16,43510.84
3047,2023-12-11,14,9,4,5,14600.0,102200.0,78088.69,24111.31
3048,2023-12-11,2,1,1,4,33400.0,187040.0,145991.06,41048.94
3049,2023-12-11,13,10,4,1,16900.0,23660.0,14846.53,8813.47
3050,2023-12-12,4,1,1,5,31600.0,221200.0,178174.27,43025.73
3051,2023-12-12,20,5,2,1,4800.0,6720.0,4199.88,2520.12
3052,2023-12-12,11,4,5,3,16300.0,68460.0,44322.61,24137.39
3053,2023-12-12,5,9,4,2,19700.0,55160.0,41155.46,14004.54
3054,2023-12-12,2,4,1,4,26200.0,146720.0,114057.58,32662.42
3055,2023-12-13,11,1,5,4,17800.0,99680.0,61922.82,37757.18
3056,2023-12-13,10,9,1,1,11900.0,16660.0,10448.77,6211.23
3057,2023-12-13,13,4,4,5,12500.0,87500.0,68539.92,18960.08
3058,2023-12-13,7,6,5,4,16700.0,93520.0,65701.08,27818.92
3059,2023-12-13,18,1,1,5,3100.0,21700.0,13526.35,8173.65
3060,2023-12-13,9,8,1,4,8800.0,49280.0,36260.84,13019.16
3061,2023-12-13,9,1,5,1,8900.0,12460.0,10066.08,2393.92
3062,2023-12-14,13,4,1,1,12500.0,17500.0,11394.76,6105.24
3063,2023-12-14,9,1,1,2,16600.0,46480.0,37216.57,9263.43
3064,2023-12-14,9,6,1,2,10300.0,28840.0,21857.71,6982.29
3065,2023-12-14,10,7,4,2,16300.0,45640.0,33452.13,12187.87
3066,2023-12-14,4,3,5,4,26000.0,145600.0,108432.49,37167.51
3067,2023-12-14,4,2,4,3,23200.0,97440.0,80069.03,17370.97
3068,2023-12-14,4,9,2,3,30300.0,127260.0,83457.48,43802.52
3069,2023-12-15,4,7,5,4,34500.0,193200.0,128483.37,64716.63
3070,2023-12-15,6,1,1,5,11900.0,83300.0,66851.37,16448.63
3071,2023-12-15,1,4,1,4,32400.0,181440.0,143469.1,37970.9
3072,2023-12-15,5,1,1,3,32500.0,136500.0,81521.39,54978.61
3073,2023-12-15,1,8,1,5,26000.0,182000.0,145732.37,36267.63
3074,2023-12-15,12,3,4,3,18900.0,79380.0,62087.91,17292.09
3075,2023-12-15,4,1,4,3,32900.0,138180.0,115688.37,22491.63
3076,2023-12-15,4,2,1,5,18100.0,126700.0,87918.09,38781.91
3077,2023-12-15,8,2,1,4,10000.0,56000.0,33464.45,22535.55
3078,2023-12-16,17,2,4,1,2900.0,4060.0,3213.92,846.08
3079,2023-12-16,14,8,2,1,16100.0,22540.0,17173.04,5366.96
3080,2023-12-16,3,6,1,3,20200.0,84840.0,51346.43,33493.57
3081,2023-12-16,9,9,1,2,16000.0,44800.0,35252.45,9547.55
3082,2023-12-16,2,1,1,1,33000.0,46200.0,38034.56,8165.44
3083,2023-12-16,13,9,1,1,15800.0,22120.0,17115.66,5004.34
3084,2023-12-16,18,1,4,5,5200.0,36400.0,28059.59,8340.41
3085,2023-12-16,20,1,4,1,5500.0,7700.0,5058.36,2641.64
3086,2023-12-17,20,1,3,2,4900.0,13720.0,9643.14,4076.86
3087,2023-12-17,15,2,4,4,11600.0,64960.0,54824.97,10135.03
3088,2023-12-17,14,6,4,4,10900.0,61040.0,41533.56,19506.44
3089,2023-12-17,3,6,6,3,25500.0,107100.0,88078.04,19021.96
3090,2023-12-17,9,1,4,2,12800.0,35840.0,28024.93,7815.07
3091,2023-12-17,19,4,1,5,4800.0,33600.0,22993.99,10606.01
3092,2023-12-17,10,5,1,2,12700.0,35560.0,27497.88,8062.12
3093,2023-12-17,19,5,2,4,4600.0,25760.0,20939.34,4820.66
3094,2023-12-18,14,6,1,3,12600.0,52920.0,32944.17,19975.83
3095,2023-12-18,20,4,4,2,4200.0,11760.0,8298.27,3461.73
3096,2023-12-18,7,9,3,1,11100.0,15540.0,13186.17,2353.83
3097,2023-12-18,15,1,3,4,10900.0,61040.0,38305.38,22734.62
3098,2023-12-18,10,9,4,3,13200.0,55440.0,34952.29,20487.71
3099,2023-12-18,16,5,4,4,5500.0,30800.0,22091.04,8708.96
3100,2023-12-18,11,5,5,4,11500.0,64400.0,54683.88,9716.12
3101,2023-12-19,8,1,1,2,15000.0,42000.0,31866.03,10133.97
3102,2023-12-19,15,1,4,1,16900.0,23660.0,19937.64,3722.36
3103,2023-12-19,14,1,4,1,20800.0,29120.0,21313.63,7806.37
3104,2023-12-19,20,4,1,2,3900.0,10920.0,7171.93,3748.07
3105,2023-12-20,17,4,2,1,5200.0,7280.0,4440.39,2839.61
3106,2023-12-20,14,1,4,1,18800.0,26320.0,19640.58,6679.42
3107,2023-12-20,8,4,6,1,10300.0,14420.0,11984.53,2435.47
3108,2023-12-20,2,10,1,3,27300.0,114660.0,87206.84,27453.16
3109,2023-12-20,20,9,2,5,3300.0,23100.0,17158.57,5941.43
3110,2023-12-20,3,9,1,3,34800.0,146160.0,90181.3,55978.7
3111,2023-12-20,18,1,1,1,4600.0,6440.0,4304.89,2135.11
3112,2023-12-20,17,1,2,5,4400.0,30800.0,19391.87,11408.13
3113,2023-12-20,20,1,2,4,3400.0,19040.0,14547.81,4492.19
3114,2023-12-21,7,10,4,5,11500.0,80500.0,51940.86,28559.14
3115,2023-12-21,9,2,1,3,13400.0,56280.0,47385.9,8894.1
3116,2023-12-21,7,4,1,1,11400.0,15960.0,12942.7,3017.3
3117,2023-12-21,8,9,1,5,13400.0,93800.0,70418.84,23381.16
3118,2023-12-21,18,9,4,2,3600.0,10080.0,6942.9,3137.1
3119,2023-12-22,3,4,2,5,29100.0,203700.0,142806.78,60893.22
3120,2023-12-22,14,1,4,3,20800.0,87360.0,65041.83,22318.17
3121,2023-12-22,5,5,1,3,20500.0,86100.0,60801.22,25298.78
3122,2023-12-22,9,8,4,4,15000.0,84000.0,57434.15,26565.85
3123,2023-12-22,8,1,1,3,15100.0,63420.0,39121.69,24298.31
3124,2023-12-22,6,9,2,3,8700.0,36540.0,24051.45,12488.55
3125,2023-12-23,15,10,4,3,15900.0,66780.0,53219.1,13560.9
3126,2023-12-23,19,2,4,3,5100.0,21420.0,12561.79,8858.21
3127,2023-12-23,14,8,4,4,18000.0,100800.0,85362.2,15437.8
3128,2023-12-23,12,6,5,1,18500.0,25900.0,17529.0,8371.0
3129,2023-12-23,12,1,3,2,18800.0,52640.0,40606.59,12033.41
3130,2023-12-23,1,2,2,4,31200.0,174720.0,106360.91,68359.09
3131,2023-12-23,12,1,4,3,17100.0,71820.0,60268.69,11551.31
3132,2023-12-23,20,2,1,2,4500.0,12600.0,8967.79,3632.21
3133,2023-12-24,5,1,1,4,27200.0,152320.0,99587.21,52732.79
3134,2023-12-24,5,2,1,5,19100.0,133700.0,91684.19,42015.81
3135,2023-12-24,5,10,2,5,24700.0,172900.0,146344.76,26555.24
3136,2023-12-25,11,6,1,1,18800.0,26320.0,17861.02,8458.98
3137,2023-12-25,12,1,4,4,14300.0,80080.0,54426.59,25653.41
3138,2023-12-25,2,1,5,2,28400.0,79520.0,52828.82,26691.18
3139,2023-12-25,8,1,1,1,15200.0,21280.0,17211.69,4068.31
3140,2023-12-25,7,2,4,5,9400.0,65800.0,39076.32,26723.68
3141,2023-12-25,3,1,2,1,29300.0,41020.0,32328.63,8691.37
3142,2023-12-26,9,2,1,2,14600.0,40880.0,30898.47,9981.53
3143,2023-12-26,12,3,1,5,13800.0,96600.0,71867.53,24732.47
3144,2023-12-26,19,1,6,3,3800.0,15960.0,10164.14,5795.86
3145,2023-12-26,9,1,2,5,8800.0,61600.0,35782.13,25817.87
3146,2023-12-26,16,1,1,5,5200.0,36400.0,29447.22,6952.78
3147,2023-12-26,14,6,1,1,19000.0,26600.0,15867.49,10732.51
3148,2023-12-26,19,5,2,4,3600.0,20160.0,13419.95,6740.05
3149,2023-12-26,14,1,2,1,18800.0,26320.0,20081.85,6238.15
3150,2023-12-26,20,6,1,5,5300.0,37100.0,22523.52,14576.48
3151,2023-12-27,2,4,1,5,18300.0,128100.0,81626.8,46473.2
3152,2023-12-27,6,1,4,2,14100.0,39480.0,23775.18,15704.82
3153,2023-12-27,11,6,5,5,19400.0,135800.0,99203.17,36596.83
3154,2023-12-27,9,1,4,1,9200.0,12880.0,10928.51,1951.49
3155,2023-12-27,1,8,1,4,23100.0,129360.0,85643.77,43716.23
3156,2023-12-27,13,8,3,5,13000.0,91000.0,58314.22,32685.78
3157,2023-12-27,2,2,3,2,27600.0,77280.0,50123.3,27156.7
3158,2023-12-27,15,10,4,1,14000.0,19600.0,14714.46,4885.54
3159,2023-12-27,19,6,1,1,4500.0,6300.0,4419.43,1880.57
3160,2023-12-28,7,2,6,4,11800.0,66080.0,45105.14,20974.86
3161,2023-12-28,3,6,4,2,31700.0,88760.0,64614.4,24145.6
3162,2023-12-28,11,5,1,4,15500.0,86800.0,55148.47,31651.53
3163,2023-12-28,10,6,4,2,16600.0,46480.0,29567.88,16912.12
3164,2023-12-28,17,9,2,1,3100.0,4340.0,3635.91,704.09
3165,2023-12-29,6,6,4,5,9100.0,63700.0,53774.51,9925.49
3166,2023-12-29,16,1,2,4,4600.0,25760.0,19200.99,6559.01
3167,2023-12-29,20,4,6,3,3600.0,15120.0,12143.32,2976.68
3168,2023-12-29,19,3,3,5,5200.0,36400.0,27430.49,8969.51
3169,2023-12-29,14,2,5,1,19500.0,27300.0,17134.26,10165.74
3170,2023-12-29,18,4,1,4,3900.0,21840.0,15210.88,6629.12
3171,2023-12-29,7,10,2,1,12300.0,17220.0,12814.37,4405.63
3172,2023-12-29,7,1,1,3,16800.0,70560.0,52463.79,18096.21
3173,2023-12-29,16,9,4,5,3900.0,27300.0,17035.67,10264.33
3174,2023-12-30,11,10,3,3,12800.0,53760.0,43612.87,10147.13
3175,2023-12-30,5,9,1,4,26500.0,148400.0,97421.03,50978.97
3176,2023-12-30,8,6,1,3,9400.0,39480.0,25765.18,13714.82
3177,2023-12-30,12,6,2,4,14500.0,81200.0,59275.03,21924.97
3178,2023-12-30,18,6,1,3,4900.0,20580.0,17156.73,3423.27
3179,2023-12-30,11,1,3,2,18200.0,50960.0,34066.1,16893.9
3180,2023-12-31,15,2,1,4,19400.0,108640.0,84371.8,24268.2
3181,2023-12-31,17,8,1,4,4800.0,26880.0,17094.23,9785.77
3182,2023-12-31,5,2,1,4,27100.0,151760.0,102793.49,48966.51
3183,2023-12-31,6,9,4,3,14900.0,62580.0,39328.31,23251.69
3184,2024-01-01,2,6,1,5,25800.0,129000.0,101136.93,27863.07
3185,2024-01-01,12,1,1,5,12900.0,64500.0,39449.69,25050.31
3186,2024-01-01,11,9,1,4,12500.0,50000.0,35940.67,14059.33
3187,2024-01-01,6,10,5,1,11300.0,11300.0,8251.47,3048.53
3188,2024-01-02,3,7,1,2,19700.0,39400.0,32719.57,6680.43
3189,2024-01-02,7,3,2,1,12300.0,12300.0,7874.81,4425.19
3190,2024-01-02,3,2,5,4,28300.0,113200.0,71401.36,41798.64
3191,2024-01-02,11,4,2,2,15800.0,31600.0,23309.3,8290.7
3192,2024-01-02,18,2,2,3,4700.0,14100.0,10181.14,3918.86
3193,2024-01-02,7,3,4,1,11600.0,11600.0,9117.68,2482.32
3194,2024-01-02,5,10,1,2,33500.0,67000.0,54288.94,12711.06
3195,2024-01-02,19,5,1,5,4800.0,24000.0,15423.04,8576.96
3196,2024-01-02,16,1,1,5,3900.0,19500.0,15676.49,3823.51
3197,2024-01-03,10,9,2,1,10700.0,10700.0,7404.44,3295.56
3198,2024-01-03,18,4,1,1,4500.0,4500.0,3411.94,1088.06
3199,2024-01-03,15,1,1,2,13700.0,27400.0,19506.12,7893.88
3200,2024-01-03,8,1,5,3,14500.0,43500.0,31719.8,11780.2
3201,2024-01-03,2,5,4,4,22200.0,88800.0,68533.5,20266.5
3202,2024-01-03,1,6,3,5,28800.0,144000.0,105696.22,38303.78
3203,2024-01-03,8,9,2,1,13500.0,13500.0,8340.66,5159.34
3204,2024-01-03,20,9,2,5,3500.0,17500.0,12297.71,5202.29
3205,2024-01-04,6,6,1,2,11400.0,22800.0,17544.47,5255.53
3206,2024-01-04,2,2,4,5,18900.0,94500.0,76353.22,18146.78
3207,2024-01-04,10,10,1,2,12500.0,25000.0,14963.98,10036.02
3208,2024-01-04,18,6,1,2,5500.0,11000.0,8736.79,2263.21
3209,2024-01-04,7,1,1,2,12900.0,25800.0,16916.66,8883.34
3210,2024-01-05,6,2,1,4,16100.0,64400.0,37983.25,26416.75
3211,2024-01-05,1,10,5,3,17500.0,52500.0,42169.68,10330.32
3212,2024-01-05,17,10,1,5,2900.0,14500.0,8431.26,6068.74
3213,2024-01-05,8,2,1,1,12400.0,12400.0,8146.33,4253.67
3214,2024-01-06,11,8,4,3,16900.0,50700.0,37501.59,13198.41
3215,2024-01-06,7,10,2,2,8700.0,17400.0,13678.85,3721.15
3216,2024-01-07,11,2,4,1,14400.0,14400.0,8862.53,5537.47
3217,2024-01-07,17,1,4,4,2800.0,11200.0,7508.54,3691.46
3218,2024-01-07,1,1,1,3,25000.0,75000.0,57903.77,17096.23
3219,2024-01-07,14,1,1,3,18400.0,55200.0,37416.48,17783.52
3220,2024-01-07,20,9,1,2,3100.0,6200.0,4137.51,2062.49
3221,2024-01-07,14,2,4,5,15200.0,76000.0,52907.16,23092.84
3222,2024-01-07,4,1,1,3,34800.0,104400.0,61159.16,43240.84
3223,2024-01-07,9,8,2,1,10200.0,10200.0,7455.29,2744.71
3224,2024-01-07,7,2,1,1,10000.0,10000.0,6760.41,3239.59
3225,2024-01-08,5,1,4,5,28900.0,144500.0,94689.45,49810.55
3226,2024-01-08,8,9,4,4,11600.0,46400.0,29822.42,16577.58
3227,2024-01-08,7,9,4,5,10300.0,51500.0,31588.94,19911.06
3228,2024-01-08,18,1,5,3,5500.0,16500.0,10775.81,5724.19
3229,2024-01-08,14,1,4,3,12600.0,37800.0,25807.96,11992.04
3230,2024-01-08,13,1,1,5,16500.0,82500.0,68623.82,13876.18
3231,2024-01-08,3,4,1,2,33500.0,67000.0,39866.13,27133.87
3232,2024-01-09,8,1,1,4,11500.0,46000.0,37683.68,8316.32
3233,2024-01-09,15,9,1,3,16300.0,48900.0,29703.13,19196.87
3234,2024-01-09,11,1,3,5,11100.0,55500.0,35172.07,20327.93
3235,2024-01-09,14,10,1,3,20000.0,60000.0,38897.4,21102.6
3236,2024-01-09,14,6,1,2,18400.0,36800.0,29458.12,7341.88
3237,2024-01-09,16,5,1,4,4200.0,16800.0,12174.72,4625.28
3238,2024-01-09,8,10,4,1,16600.0,16600.0,11314.03,5285.97
3239,2024-01-09,14,1,6,4,15200.0,60800.0,48892.12,11907.88
3240,2024-01-10,4,2,4,5,28900.0,144500.0,87885.23,56614.77
3241,2024-01-10,2,1,1,2,28600.0,57200.0,48262.0,8938.0
3242,2024-01-10,2,2,1,5,21900.0,109500.0,81835.02,27664.98
3243,2024-01-10,5,1,4,1,29000.0,29000.0,22833.6,6166.4
3244,2024-01-10,9,1,4,4,14200.0,56800.0,47566.02,9233.98
3245,2024-01-10,13,4,4,1,18600.0,18600.0,13644.28,4955.72
3246,2024-01-10,1,10,4,2,17700.0,35400.0,23929.95,11470.05
3247,2024-01-11,2,7,1,1,20900.0,20900.0,16220.47,4679.53
3248,2024-01-11,18,6,1,2,5500.0,11000.0,8265.84,2734.16
3249,2024-01-11,16,2,1,1,4600.0,4600.0,3219.74,1380.26
3250,2024-01-11,5,1,4,1,21100.0,21100.0,13416.99,7683.01
3251,2024-01-11,14,3,6,4,16600.0,66400.0,54088.47,12311.53
3252,2024-01-11,15,1,1,2,12000.0,24000.0,17380.34,6619.66
3253,2024-01-12,15,2,6,3,16500.0,49500.0,38133.93,11366.07
3254,2024-01-12,17,5,1,5,5600.0,28000.0,17898.48,10101.52
3255,2024-01-12,20,1,4,1,3000.0,3000.0,2180.94,819.06
3256,2024-01-12,15,1,2,3,13600.0,40800.0,28935.34,11864.66
3257,2024-01-12,4,1,1,4,27900.0,111600.0,73085.73,38514.27
3258,2024-01-12,13,10,4,2,19500.0,39000.0,26438.66,12561.34
3259,2024-01-12,6,9,4,3,8500.0,25500.0,15008.77,10491.23
3260,2024-01-13,6,10,1,2,11400.0,22800.0,13844.26,8955.74
3261,2024-01-13,14,1,2,3,12400.0,37200.0,28533.04,8666.96
3262,2024-01-13,1,6,1,1,33400.0,33400.0,25454.22,7945.78
3263,2024-01-13,4,1,5,4,20700.0,82800.0,58180.38,24619.62
3264,2024-01-14,1,1,6,1,28800.0,28800.0,18789.62,10010.38
3265,2024-01-14,19,8,1,3,5000.0,15000.0,11512.86,3487.14
3266,2024-01-15,14,4,1,5,15800.0,79000.0,50051.25,28948.75
3267,2024-01-15,18,2,2,5,5400.0,27000.0,20025.0,6975.0
3268,2024-01-15,19,9,5,1,3900.0,3900.0,3113.79,786.21
3269,2024-01-15,17,3,2,4,3200.0,12800.0,10160.02,2639.98
3270,2024-01-15,2,10,1,4,17600.0,70400.0,53607.34,16792.66
3271,2024-01-15,14,2,1,2,13400.0,26800.0,17053.01,9746.99
3272,2024-01-15,8,2,2,4,8900.0,35600.0,21628.21,13971.79
3273,2024-01-15,12,5,5,1,18900.0,18900.0,13463.7,5436.3
3274,2024-01-15,4,2,4,4,34200.0,136800.0,89575.7,47224.3
3275,2024-01-15,1,9,5,1,34900.0,34900.0,23891.87,11008.13
3276,2024-01-15,14,4,3,5,13900.0,69500.0,51624.76,17875.24
3277,2024-01-16,5,9,2,3,29200.0,87600.0,56017.38,31582.62
3278,2024-01-16,5,9,3,2,17600.0,35200.0,26326.64,8873.36
3279,2024-01-16,8,1,2,3,8900.0,26700.0,16967.98,9732.02
3280,2024-01-16,7,10,4,2,8900.0,17800.0,11537.49,6262.51
3281,2024-01-16,3,1,5,3,18500.0,55500.0,35170.17,20329.83
3282,2024-01-16,8,2,4,4,15900.0,63600.0,47861.79,15738.21
3283,2024-01-17,15,2,3,4,11800.0,47200.0,38888.97,8311.03
3284,2024-01-17,10,4,4,2,15600.0,31200.0,19897.81,11302.19
3285,2024-01-17,13,9,1,3,13400.0,40200.0,31623.01,8576.99
3286,2024-01-17,8,2,4,3,13700.0,41100.0,27283.61,13816.39
3287,2024-01-17,5,2,5,4,31800.0,127200.0,82605.5,44594.5
3288,2024-01-17,5,10,4,2,25500.0,51000.0,33031.98,17968.02
3289,2024-01-17,13,1,3,2,20900.0,41800.0,27416.22,14383.78
3290,2024-01-17,10,1,4,3,15100.0,45300.0,29812.96,15487.04
3291,2024-01-17,10,6,2,4,10800.0,43200.0,30489.59,12710.41
3292,2024-01-18,2,2,1,1,19100.0,19100.0,11680.88,7419.12
3293,2024-01-18,2,1,1,3,21000.0,63000.0,40050.4,22949.6
3294,2024-01-18,1,9,1,4,34600.0,138400.0,114432.94,23967.06
3295,2024-01-18,2,1,4,5,21500.0,107500.0,83308.45,24191.55
3296,2024-01-18,14,1,1,1,17100.0,17100.0,14280.77,2819.23
3297,2024-01-19,19,1,2,1,3100.0,3100.0,2587.88,512.12
3298,2024-01-19,20,6,1,1,5500.0,5500.0,3441.46,2058.54
3299,2024-01-19,20,9,1,4,3400.0,13600.0,10224.88,3375.12
3300,2024-01-19,4,1,1,5,19800.0,99000.0,69999.92,29000.08
3301,2024-01-19,17,2,4,4,4700.0,18800.0,15866.59,2933.41
3302,2024-01-20,5,10,1,5,33900.0,169500.0,120665.4,48834.6
3303,2024-01-20,4,6,1,3,29300.0,87900.0,72291.36,15608.64
3304,2024-01-20,4,2,3,4,34900.0,139600.0,98152.75,41447.25
3305,2024-01-20,1,5,1,2,17600.0,35200.0,29334.77,5865.23
3306,2024-01-20,2,7,4,4,22500.0,90000.0,68495.69,21504.31
3307,2024-01-20,18,1,1,2,5500.0,11000.0,8590.48,2409.52
3308,2024-01-21,9,8,1,2,16100.0,32200.0,26257.54,5942.46
3309,2024-01-21,18,3,4,1,3100.0,3100.0,2536.13,563.87
3310,2024-01-21,13,4,5,5,17600.0,88000.0,66245.01,21754.99
3311,2024-01-21,12,1,2,1,19200.0,19200.0,14653.46,4546.54
3312,2024-01-21,13,2,4,2,15500.0,31000.0,20067.7,10932.3
3313,2024-01-21,5,7,4,2,23100.0,46200.0,35914.03,10285.97
3314,2024-01-22,12,2,4,2,18400.0,36800.0,21453.07,15346.93
3315,2024-01-22,16,4,1,2,5500.0,11000.0,7552.89,3447.11
3316,2024-01-22,9,2,5,3,15900.0,47700.0,30400.89,17299.11
3317,2024-01-22,15,1,2,3,19400.0,58200.0,41189.63,17010.37
3318,2024-01-22,13,2,4,3,20600.0,61800.0,39141.15,22658.85
3319,2024-01-22,6,2,1,1,9700.0,9700.0,5649.12,4050.88
3320,2024-01-22,2,4,4,2,20900.0,41800.0,32787.29,9012.71
3321,2024-01-22,11,4,5,4,19000.0,76000.0,58338.36,17661.64
3322,2024-01-22,12,1,1,3,12200.0,36600.0,22052.78,14547.22
3323,2024-01-22,2,8,2,3,32700.0,98100.0,66361.29,31738.71
3324,2024-01-23,13,1,4,4,16100.0,64400.0,50377.06,14022.94
3325,2024-01-23,16,2,3,3,4200.0,12600.0,8905.19,3694.81
3326,2024-01-23,5,2,4,1,18100.0,18100.0,12978.96,5121.04
3327,2024-01-24,18,10,4,2,3600.0,7200.0,4578.44,2621.56
3328,2024-01-24,3,9,1,3,31500.0,94500.0,76564.19,17935.81
3329,2024-01-24,5,7,1,5,19000.0,95000.0,65357.05,29642.95
3330,2024-01-24,2,2,2,1,20000.0,20000.0,12135.69,7864.31
3331,2024-01-24,12,1,1,3,19700.0,59100.0,39079.54,20020.46
3332,2024-01-24,14,2,5,3,18500.0,55500.0,38711.6,16788.4
3333,2024-01-24,11,4,1,5,17300.0,86500.0,56565.19,29934.81
3334,2024-01-24,18,10,4,5,5400.0,27000.0,19638.64,7361.36
3335,2024-01-25,20,1,3,3,3800.0,11400.0,8205.08,3194.92
3336,2024-01-25,13,8,4,2,13800.0,27600.0,19088.67,8511.33
3337,2024-01-25,2,8,1,4,34900.0,139600.0,111100.48,28499.52
3338,2024-01-25,7,4,5,1,11000.0,11000.0,8401.81,2598.19
3339,2024-01-25,5,6,4,4,18400.0,73600.0,45066.62,28533.38
3340,2024-01-25,10,5,1,2,12700.0,25400.0,15347.27,10052.73
3341,2024-01-25,17,4,2,5,3300.0,16500.0,13456.85,3043.15
3342,2024-01-26,13,1,5,1,12800.0,12800.0,8428.13,4371.87
3343,2024-01-26,1,5,1,4,19400.0,77600.0,51929.5,25670.5
3344,2024-01-26,12,5,4,5,18300.0,91500.0,71066.4,20433.6
3345,2024-01-26,4,2,1,2,19300.0,38600.0,29540.73,9059.27
3346,2024-01-26,13,2,1,2,17100.0,34200.0,27983.05,6216.95
3347,2024-01-26,20,10,5,1,2900.0,2900.0,2327.74,572.26
3348,2024-01-27,9,1,3,5,13700.0,68500.0,51414.78,17085.22
3349,2024-01-27,2,1,1,5,29800.0,149000.0,122949.25,26050.75
3350,2024-01-27,6,1,4,3,11800.0,35400.0,21811.98,13588.02
3351,2024-01-27,20,2,5,5,3300.0,16500.0,12439.89,4060.11
3352,2024-01-27,16,1,4,3,5000.0,15000.0,12038.21,2961.79
3353,2024-01-28,8,2,4,5,13000.0,65000.0,46806.4,18193.6
3354,2024-01-28,13,4,4,5,20600.0,103000.0,65337.29,37662.71
3355,2024-01-28,6,1,1,1,16600.0,16600.0,10837.18,5762.82
3356,2024-01-28,13,6,1,4,11500.0,46000.0,30526.78,15473.22
3357,2024-01-28,8,10,4,2,16600.0,33200.0,27841.95,5358.05
3358,2024-01-29,15,2,1,1,16900.0,16900.0,10919.04,5980.96
3359,2024-01-29,15,9,1,5,14100.0,70500.0,43277.23,27222.77
3360,2024-01-29,4,7,1,5,31000.0,155000.0,108757.3,46242.7
3361,2024-01-30,11,1,4,2,15300.0,30600.0,19272.95,11327.05
3362,2024-01-30,3,2,2,3,18300.0,54900.0,38858.14,16041.86
3363,2024-01-30,4,2,1,1,24600.0,24600.0,20063.33,4536.67
3364,2024-01-30,1,1,4,2,30200.0,60400.0,47838.96,12561.04
3365,2024-01-30,18,6,4,1,5600.0,5600.0,4649.06,950.94
3366,2024-01-30,13,7,5,1,12900.0,12900.0,9195.49,3704.51
3367,2024-01-30,8,1,4,3,8800.0,26400.0,17871.27,8528.73
3368,2024-01-30,18,3,4,1,4900.0,4900.0,3502.77,1397.23
3369,2024-01-30,6,8,1,2,15900.0,31800.0,23182.18,8617.82
3370,2024-01-30,6,2,1,5,14600.0,73000.0,44905.14,28094.86
3371,2024-01-30,8,2,4,5,9600.0,48000.0,37081.83,10918.17
3372,2024-01-31,17,2,1,3,4100.0,12300.0,10301.02,1998.98
3373,2024-01-31,11,2,4,3,15400.0,46200.0,37311.74,8888.26
3374,2024-01-31,5,5,1,1,28200.0,28200.0,21841.03,6358.97
3375,2024-01-31,15,4,3,3,16800.0,50400.0,34446.6,15953.4
3376,2024-01-31,18,1,3,1,5200.0,5200.0,3795.43,1404.57
3377,2024-01-31,13,1,5,5,20700.0,103500.0,73591.15,29908.85
3378,2024-02-01,18,9,4,4,5200.0,20800.0,16123.27,4676.73
3379,2024-02-01,19,1,1,1,5300.0,5300.0,3377.03,1922.97
3380,2024-02-01,16,2,4,5,4600.0,23000.0,15825.41,7174.59
3381,2024-02-01,20,1,1,1,4100.0,4100.0,3329.81,770.19
3382,2024-02-01,7,1,1,4,10000.0,40000.0,30519.48,9480.52
3383,2024-02-01,16,6,1,1,3700.0,3700.0,2956.83,743.17
3384,2024-02-01,12,9,2,4,18400.0,73600.0,52409.5,21190.5
3385,2024-02-02,16,2,2,5,3500.0,17500.0,10766.58,6733.42
3386,2024-02-02,18,1,1,3,3300.0,9900.0,7700.5,2199.5
3387,2024-02-02,15,9,4,2,11600.0,23200.0,14896.28,8303.72
3388,2024-02-02,14,9,4,1,21000.0,21000.0,15053.12,5946.88
3389,2024-02-02,12,10,5,2,20800.0,41600.0,29155.26,12444.74
3390,2024-02-03,8,2,4,5,15900.0,79500.0,53692.53,25807.47
3391,2024-02-03,9,1,4,1,9200.0,9200.0,6805.79,2394.21
3392,2024-02-03,2,1,1,3,29600.0,88800.0,61331.7,27468.3
3393,2024-02-03,6,2,2,1,15600.0,15600.0,11037.32,4562.68
3394,2024-02-03,4,1,1,5,20500.0,102500.0,74524.81,27975.19
3395,2024-02-04,9,4,4,1,10800.0,10800.0,6815.58,3984.42
3396,2024-02-04,17,6,4,1,5400.0,5400.0,4323.98,1076.02
3397,2024-02-04,13,1,1,3,19400.0,58200.0,43832.02,14367.98
3398,2024-02-04,3,2,1,2,24400.0,48800.0,39312.88,9487.12
3399,2024-02-04,11,2,1,3,14700.0,44100.0,29544.47,14555.53
3400,2024-02-04,14,1,1,4,16100.0,64400.0,54410.78,9989.22
3401,2024-02-04,4,4,1,3,23600.0,70800.0,55278.37,15521.63
3402,2024-02-04,11,2,2,4,19800.0,79200.0,63299.32,15900.68
3403,2024-02-05,7,10,1,3,11400.0,34200.0,23731.55,10468.45
3404,2024-02-05,10,2,3,5,9800.0,49000.0,30435.1,18564.9
3405,2024-02-05,4,7,5,3,34700.0,104100.0,68163.63,35936.37
3406,2024-02-05,14,6,1,3,16200.0,48600.0,29360.97,19239.03
3407,2024-02-06,5,5,1,4,26200.0,104800.0,74997.76,29802.24
3408,2024-02-06,4,4,1,2,30000.0,60000.0,41503.73,18496.27
3409,2024-02-06,16,8,1,1,2800.0,2800.0,1790.66,1009.34
3410,2024-02-06,19,1,1,5,3200.0,16000.0,11031.02,4968.98
3411,2024-02-06,19,6,1,1,4400.0,4400.0,2706.53,1693.47
3412,2024-02-06,8,9,1,5,15800.0,79000.0,50576.24,28423.76
3413,2024-02-06,3,1,1,4,21400.0,85600.0,60081.68,25518.32
3414,2024-02-07,3,8,4,2,19000.0,38000.0,23253.01,14746.99
3415,2024-02-07,18,10,1,4,5100.0,20400.0,12529.02,7870.98
3416,2024-02-07,10,1,4,5,13500.0,67500.0,52870.39,14629.61
3417,2024-02-07,12,1,5,4,16700.0,66800.0,54142.63,12657.37
3418,2024-02-07,2,4,4,5,31500.0,157500.0,99608.18,57891.82
3419,2024-02-07,9,2,6,3,10400.0,31200.0,19868.11,11331.89
3420,2024-02-08,17,4,1,2,4700.0,9400.0,7160.64,2239.36
3421,2024-02-08,4,7,1,2,18700.0,37400.0,21699.11,15700.89
3422,2024-02-08,19,2,4,1,4200.0,4200.0,2661.69,1538.31
3423,2024-02-08,11,6,4,3,18900.0,56700.0,46660.4,10039.6
3424,2024-02-08,10,1,5,1,9000.0,9000.0,5495.1,3504.9
3425,2024-02-09,14,7,1,4,12300.0,49200.0,36846.26,12353.74
3426,2024-02-09,19,1,2,3,3500.0,10500.0,8369.83,2130.17
3427,2024-02-09,11,1,3,3,17800.0,53400.0,35027.92,18372.08
3428,2024-02-09,1,6,3,1,30300.0,30300.0,23026.71,7273.29
3429,2024-02-09,3,6,4,1,31100.0,31100.0,19937.9,11162.1
3430,2024-02-09,8,6,6,4,16200.0,64800.0,48675.9,16124.1
3431,2024-02-09,4,2,1,1,17700.0,17700.0,14662.68,3037.32
3432,2024-02-09,12,3,4,4,15100.0,60400.0,48916.89,11483.11
3433,2024-02-09,19,9,4,3,4400.0,13200.0,8536.66,4663.34
3434,2024-02-10,12,1,1,2,14900.0,29800.0,24401.88,5398.12
3435,2024-02-10,9,10,5,4,16500.0,66000.0,50620.55,15379.45
3436,2024-02-10,3,4,1,1,18300.0,18300.0,11453.83,6846.17
3437,2024-02-10,11,2,1,2,13800.0,27600.0,16604.52,10995.48
3438,2024-02-10,16,2,4,3,4400.0,13200.0,8523.35,4676.65
3439,2024-02-10,16,9,1,5,3300.0,16500.0,10906.46,5593.54
3440,2024-02-10,3,1,1,1,34800.0,34800.0,29565.84,5234.16
3441,2024-02-10,17,1,4,3,3200.0,9600.0,5773.17,3826.83
3442,2024-02-10,15,1,4,4,17000.0,68000.0,47668.71,20331.29
3443,2024-02-10,18,7,4,3,4800.0,14400.0,10226.4,4173.6
3444,2024-02-11,11,1,4,4,16400.0,65600.0,48689.06,16910.94
3445,2024-02-11,19,6,1,5,5200.0,26000.0,19923.53,6076.47
3446,2024-02-11,17,3,3,2,4700.0,9400.0,6256.28,3143.72
3447,2024-02-12,18,1,1,4,5200.0,20800.0,12508.93,8291.07
3448,2024-02-12,14,2,2,5,19400.0,97000.0,81102.11,15897.89
3449,2024-02-12,1,4,5,3,25400.0,76200.0,48808.03,27391.97
3450,2024-02-12,15,5,4,1,20400.0,20400.0,14130.48,6269.52
3451,2024-02-12,8,2,5,1,10800.0,10800.0,9038.31,1761.69
3452,2024-02-12,3,4,2,2,21800.0,43600.0,35298.65,8301.35
3453,2024-02-13,10,10,4,2,8800.0,17600.0,11337.98,6262.02
3454,2024-02-13,5,10,4,4,34300.0,137200.0,100353.94,36846.06
3455,2024-02-14,18,1,1,1,4700.0,4700.0,3283.63,1416.37
3456,2024-02-14,9,1,1,1,9800.0,9800.0,6150.78,3649.22
3457,2024-02-14,8,5,1,1,11000.0,11000.0,7599.49,3400.51
3458,2024-02-14,6,1,1,1,13100.0,13100.0,8113.66,4986.34
3459,2024-02-15,14,3,1,4,19800.0,79200.0,51741.16,27458.84
3460,2024-02-15,1,1,1,1,27800.0,27800.0,23245.84,4554.16
3461,2024-02-15,11,7,1,5,17500.0,87500.0,55905.48,31594.52
3462,2024-02-15,14,9,4,2,10700.0,21400.0,13738.48,7661.52
3463,2024-02-15,7,1,2,5,11800.0,59000.0,46848.07,12151.93
3464,2024-02-16,9,7,1,3,12000.0,36000.0,22518.63,13481.37
3465,2024-02-16,20,6,4,5,4900.0,24500.0,16919.65,7580.35
3466,2024-02-17,2,1,4,4,32900.0,131600.0,94982.88,36617.12
3467,2024-02-17,12,10,1,2,10800.0,21600.0,12615.02,8984.98
3468,2024-02-17,1,9,1,2,27100.0,54200.0,41627.7,12572.3
3469,2024-02-17,18,1,1,3,4200.0,12600.0,8137.62,4462.38
3470,2024-02-17,9,9,1,5,10400.0,52000.0,36347.67,15652.33
3471,2024-02-17,13,6,2,4,18300.0,73200.0,45007.37,28192.63
3472,2024-02-17,11,1,1,2,15600.0,31200.0,21911.56,9288.44
3473,2024-02-17,13,9,6,5,19700.0,98500.0,60904.82,37595.18
3474,2024-02-17,17,1,4,1,4200.0,4200.0,3140.31,1059.69
3475,2024-02-17,12,1,1,3,16300.0,48900.0,31470.04,17429.96
3476,2024-02-18,8,9,4,5,11800.0,59000.0,44729.9,14270.1
3477,2024-02-18,16,7,1,4,4500.0,18000.0,13326.32,4673.68
3478,2024-02-18,4,6,1,1,29400.0,29400.0,19126.63,10273.37
3479,2024-02-18,10,9,1,5,11100.0,55500.0,44095.16,11404.84
3480,2024-02-19,17,6,1,3,3100.0,9300.0,6654.15,2645.85
3481,2024-02-19,20,4,4,2,2900.0,5800.0,4097.12,1702.88
3482,2024-02-19,8,4,1,2,14400.0,28800.0,17730.29,11069.71
3483,2024-02-19,5,8,1,5,22600.0,113000.0,83279.41,29720.59
3484,2024-02-19,1,4,4,1,29900.0,29900.0,22308.97,7591.03
3485,2024-02-19,6,10,1,5,16300.0,81500.0,58436.95,23063.05
3486,2024-02-19,7,6,1,2,15500.0,31000.0,19280.79,11719.21
3487,2024-02-19,14,1,1,4,14600.0,58400.0,37610.69,20789.31
3488,2024-02-19,13,6,4,1,18800.0,18800.0,11698.79,7101.21
3489,2024-02-19,10,6,4,3,16400.0,49200.0,37247.87,11952.13
3490,2024-02-19,20,1,1,5,3100.0,15500.0,11066.06,4433.94
3491,2024-02-19,7,9,2,3,15000.0,45000.0,33711.65,11288.35
3492,2024-02-19,1,1,4,3,34200.0,102600.0,71299.62,31300.38
3493,2024-02-20,2,1,1,2,27200.0,54400.0,43010.21,11389.79
3494,2024-02-20,16,1,1,3,4200.0,12600.0,7391.76,5208.24
3495,2024-02-20,4,2,4,1,22000.0,22000.0,12781.1,9218.9
3496,2024-02-20,16,6,4,1,3500.0,3500.0,2615.02,884.98
3497,2024-02-20,20,4,2,3,5400.0,16200.0,12379.12,3820.88
3498,2024-02-20,13,6,5,3,18000.0,54000.0,38666.86,15333.14
3499,2024-02-21,20,6,6,2,3200.0,6400.0,4466.8,1933.2
3500,2024-02-21,13,4,2,5,18800.0,94000.0,64449.78,29550.22
3501,2024-02-21,10,8,1,3,16100.0,48300.0,35727.45,12572.55
3502,2024-02-21,19,4,1,2,5500.0,11000.0,8092.16,2907.84
3503,2024-02-21,6,1,1,2,14600.0,29200.0,22574.23,6625.77
3504,2024-02-21,1,6,5,4,23500.0,94000.0,78876.79,15123.21
3505,2024-02-21,15,8,2,3,18800.0,56400.0,39998.38,16401.62
3506,2024-02-22,16,2,4,5,4600.0,23000.0,14008.57,8991.43
3507,2024-02-22,6,2,1,1,9700.0,9700.0,7645.41,2054.59
3508,2024-02-22,4,9,4,1,28000.0,28000.0,17467.95,10532.05
3509,2024-02-22,15,10,1,2,18700.0,37400.0,31546.43,5853.57
3510,2024-02-23,13,1,4,5,11100.0,55500.0,37018.56,18481.44
3511,2024-02-23,17,4,4,4,3500.0,14000.0,10902.95,3097.05
3512,2024-02-23,19,9,4,5,5300.0,26500.0,18832.97,7667.03
3513,2024-02-23,17,1,4,5,5000.0,25000.0,17118.08,7881.92
3514,2024-02-23,20,1,2,4,3600.0,14400.0,11096.78,3303.22
3515,2024-02-24,18,2,1,5,4400.0,22000.0,16939.42,5060.58
3516,2024-02-24,20,10,1,2,4300.0,8600.0,7019.81,1580.19
3517,2024-02-24,10,2,4,5,13900.0,69500.0,41864.55,27635.45
3518,2024-02-24,1,5,3,2,32700.0,65400.0,42221.45,23178.55
3519,2024-02-24,19,4,2,4,3500.0,14000.0,10624.29,3375.71
3520,2024-02-24,12,1,5,3,15300.0,45900.0,28732.05,17167.95
3521,2024-02-25,20,4,1,1,3100.0,3100.0,2335.38,764.62
3522,2024-02-25,14,4,4,2,17300.0,34600.0,21923.63,12676.37
3523,2024-02-25,20,10,2,4,3800.0,15200.0,10704.2,4495.8
3524,2024-02-25,2,4,1,1,24600.0,24600.0,18831.83,5768.17
3525,2024-02-25,5,2,1,2,32700.0,65400.0,39765.05,25634.95
3526,2024-02-26,18,1,1,1,4000.0,4000.0,3046.91,953.09
3527,2024-02-26,10,10,4,3,12000.0,36000.0,24306.32,11693.68
3528,2024-02-26,3,9,1,1,33400.0,33400.0,24577.83,8822.17
3529,2024-02-26,12,4,3,1,12100.0,12100.0,10061.58,2038.42
3530,2024-02-26,15,4,1,4,10700.0,42800.0,28397.55,14402.45
3531,2024-02-26,10,1,6,3,12700.0,38100.0,24898.65,13201.35
3532,2024-02-26,1,1,4,4,24800.0,99200.0,77482.04,21717.96
3533,2024-02-26,1,4,4,3,27600.0,82800.0,66181.82,16618.18
3534,2024-02-27,5,9,4,1,33000.0,33000.0,26179.04,6820.96
3535,2024-02-27,20,1,2,2,5400.0,10800.0,7269.56,3530.44
3536,2024-02-27,4,1,4,4,19000.0,76000.0,53620.28,22379.72
3537,2024-02-27,1,2,5,4,18000.0,72000.0,47289.2,24710.8
3538,2024-02-27,6,2,1,2,11000.0,22000.0,17983.04,4016.96
3539,2024-02-27,13,2,1,3,14400.0,43200.0,31523.06,11676.94
3540,2024-02-27,10,1,2,5,11500.0,57500.0,37709.59,19790.41
3541,2024-02-27,15,8,1,4,20600.0,82400.0,67310.05,15089.95
3542,2024-02-27,17,2,4,5,4900.0,24500.0,16694.86,7805.14
3543,2024-02-27,19,4,2,4,4300.0,17200.0,11095.89,6104.11
3544,2024-02-27,5,1,2,3,29100.0,87300.0,54446.31,32853.69
3545,2024-02-27,13,6,4,2,14100.0,28200.0,18331.57,9868.43
3546,2024-02-28,10,2,1,3,11500.0,34500.0,21617.69,12882.31
3547,2024-02-28,16,5,1,5,3800.0,19000.0,15580.17,3419.83
3548,2024-02-28,11,4,1,1,18200.0,18200.0,14338.43,3861.57
3549,2024-02-28,5,10,5,3,31200.0,93600.0,69267.72,24332.28
3550,2024-02-28,12,4,1,3,18200.0,54600.0,36058.58,18541.42
3551,2024-02-28,9,6,4,1,11200.0,11200.0,7186.1,4013.9
3552,2024-02-28,14,1,4,5,17500.0,87500.0,56330.31,31169.69
3553,2024-02-29,11,1,4,4,15300.0,61200.0,46648.71,14551.29
3554,2024-02-29,13,1,2,2,14100.0,28200.0,20690.79,7509.21
3555,2024-02-29,19,1,2,5,4500.0,22500.0,14022.85,8477.15
3556,2024-02-29,2,4,2,5,21300.0,106500.0,87105.95,19394.05
3557,2024-02-29,4,2,5,2,26000.0,52000.0,34538.96,17461.04
3558,2024-02-29,2,1,1,5,26200.0,131000.0,86682.73,44317.27
3559,2024-02-29,2,1,5,5,25000.0,125000.0,73083.47,51916.53
3560,2024-02-29,6,1,4,3,15200.0,45600.0,36924.19,8675.81
3561,2024-02-29,6,9,1,1,12900.0,12900.0,8536.34,4363.66
3562,2024-03-01,6,5,5,3,13900.0,41700.0,27641.97,14058.03
3563,2024-03-01,15,1,1,2,14900.0,29800.0,23260.95,6539.05
3564,2024-03-01,17,1,1,2,4500.0,9000.0,7195.02,1804.98
3565,2024-03-01,11,4,4,1,20700.0,20700.0,16571.83,4128.17
3566,2024-03-01,16,4,2,5,5600.0,28000.0,19114.01,8885.99
3567,2024-03-01,2,8,2,5,19400.0,97000.0,77302.49,19697.51
3568,2024-03-01,19,1,2,1,3900.0,3900.0,2372.32,1527.68
3569,2024-03-01,18,2,4,5,4500.0,22500.0,14891.47,7608.53
3570,2024-03-01,2,2,1,3,26600.0,79800.0,57487.0,22313.0
3571,2024-03-02,20,2,5,3,4100.0,12300.0,7953.84,4346.16
3572,2024-03-02,14,5,1,1,12200.0,12200.0,8474.63,3725.37
3573,2024-03-02,7,5,1,4,9300.0,37200.0,27500.5,9699.5
3574,2024-03-02,3,2,5,2,35000.0,70000.0,49330.74,20669.26
3575,2024-03-02,3,10,1,3,28500.0,85500.0,62385.19,23114.81
3576,2024-03-02,7,1,1,2,16500.0,33000.0,20511.91,12488.09
3577,2024-03-02,15,6,4,3,15500.0,46500.0,31062.01,15437.99
3578,2024-03-03,1,1,2,2,18100.0,36200.0,23797.82,12402.18
3579,2024-03-03,17,10,4,1,3300.0,3300.0,2684.71,615.29
3580,2024-03-04,11,2,4,4,17600.0,70400.0,51746.48,18653.52
3581,2024-03-04,6,6,2,2,13000.0,26000.0,21038.07,4961.93
3582,2024-03-04,16,5,1,1,5500.0,5500.0,4108.59,1391.41
3583,2024-03-05,8,2,4,1,11400.0,11400.0,7018.94,4381.06
3584,2024-03-06,10,1,4,4,12500.0,50000.0,35059.81,14940.19
3585,2024-03-06,4,1,2,2,25700.0,51400.0,43031.2,8368.8
3586,2024-03-06,9,6,4,5,14500.0,72500.0,47489.71,25010.29
3587,2024-03-06,19,1,1,4,3900.0,15600.0,11128.28,4471.72
3588,2024-03-07,15,2,4,2,11100.0,22200.0,17924.7,4275.3
3589,2024-03-07,15,1,5,4,19600.0,78400.0,51336.23,27063.77
3590,2024-03-08,13,6,4,2,14400.0,28800.0,19585.02,9214.98
3591,2024-03-08,5,2,4,1,33200.0,33200.0,24567.1,8632.9
3592,2024-03-08,8,1,4,4,11300.0,45200.0,37224.41,7975.59
3593,2024-03-08,14,1,1,3,20700.0,62100.0,49661.1,12438.9
3594,2024-03-08,7,2,1,1,11100.0,11100.0,7232.63,3867.37
3595,2024-03-08,17,1,2,2,5300.0,10600.0,6513.33,4086.67
3596,2024-03-08,15,1,1,5,18800.0,94000.0,75438.71,18561.29
3597,2024-03-08,9,1,1,4,11200.0,44800.0,26167.27,18632.73
3598,2024-03-08,7,7,2,3,14200.0,42600.0,33184.71,9415.29
3599,2024-03-09,14,10,4,5,15000.0,75000.0,43513.91,31486.09
3600,2024-03-09,3,4,6,4,18400.0,73600.0,62021.34,11578.66
3601,2024-03-09,14,1,2,1,17200.0,17200.0,13142.93,4057.07
3602,2024-03-09,20,2,3,5,3100.0,15500.0,12624.45,2875.55
3603,2024-03-09,11,2,4,5,21000.0,105000.0,89212.23,15787.77
3604,2024-03-09,19,6,1,2,3800.0,7600.0,5854.51,1745.49
3605,2024-03-10,4,4,1,3,25900.0,77700.0,60420.86,17279.14
3606,2024-03-10,6,2,1,1,15900.0,15900.0,13428.24,2471.76
3607,2024-03-10,11,4,5,2,12400.0,24800.0,19080.81,5719.19
3608,2024-03-10,2,4,6,4,19700.0,78800.0,61299.69,17500.31
3609,2024-03-10,8,6,3,5,14700.0,73500.0,49549.97,23950.03
3610,2024-03-10,16,9,4,2,5300.0,10600.0,8982.23,1617.77
3611,2024-03-10,16,4,5,4,3100.0,12400.0,8688.27,3711.73
3612,2024-03-10,7,1,1,3,13800.0,41400.0,31442.85,9957.15
3613,2024-03-11,20,1,4,2,3100.0,6200.0,3815.61,2384.39
3614,2024-03-11,11,2,4,3,13100.0,39300.0,33299.76,6000.24
3615,2024-03-11,16,10,4,5,4700.0,23500.0,18530.23,4969.77
3616,2024-03-12,14,2,4,3,13700.0,41100.0,28205.45,12894.55
3617,2024-03-12,13,10,4,5,18100.0,90500.0,67847.44,22652.56
3618,2024-03-12,2,1,1,1,20100.0,20100.0,12080.41,8019.59
3619,2024-03-12,4,2,5,4,19000.0,76000.0,51251.16,24748.84
3620,2024-03-12,3,2,1,3,22700.0,68100.0,42428.33,25671.67
3621,2024-03-12,20,9,4,1,3000.0,3000.0,1869.37,1130.63
3622,2024-03-13,9,2,2,4,11100.0,44400.0,29781.0,14619.0
3623,2024-03-13,9,1,1,2,14700.0,29400.0,21942.56,7457.44
3624,2024-03-13,1,6,1,5,30000.0,150000.0,99544.34,50455.66
3625,2024-03-13,5,6,4,5,28400.0,142000.0,114821.16,27178.84
3626,2024-03-14,2,1,1,2,22500.0,45000.0,33503.88,11496.12
3627,2024-03-14,16,2,1,4,4000.0,16000.0,10137.72,5862.28
3628,2024-03-14,2,1,1,1,18600.0,18600.0,13699.39,4900.61
3629,2024-03-14,14,9,4,1,17500.0,17500.0,14552.25,2947.75
3630,2024-03-15,19,2,6,4,5400.0,21600.0,13930.45,7669.55
3631,2024-03-15,6,5,1,4,11000.0,44000.0,35477.65,8522.35
3632,2024-03-15,14,3,2,3,17000.0,51000.0,37692.11,13307.89
3633,2024-03-15,5,9,2,3,25700.0,77100.0,61995.08,15104.92
3634,2024-03-15,11,2,1,2,16900.0,33800.0,21491.97,12308.03
3635,2024-03-15,15,10,1,3,17900.0,53700.0,34975.67,18724.33
3636,2024-03-15,2,9,4,4,26600.0,106400.0,82541.72,23858.28
3637,2024-03-15,5,1,1,4,29700.0,118800.0,89737.88,29062.12
3638,2024-03-16,9,9,5,5,11300.0,56500.0,43585.69,12914.31
3639,2024-03-16,17,6,4,4,5100.0,20400.0,12485.41,7914.59
3640,2024-03-16,8,1,4,1,11700.0,11700.0,8446.64,3253.36
3641,2024-03-16,20,1,4,3,3500.0,10500.0,7931.93,2568.07
3642,2024-03-16,7,1,2,1,13300.0,13300.0,8699.67,4600.33
3643,2024-03-16,5,6,1,2,34500.0,69000.0,43088.8,25911.2
3644,2024-03-16,7,1,2,4,14300.0,57200.0,36683.25,20516.75
3645,2024-03-16,7,5,4,2,15300.0,30600.0,22383.46,8216.54
3646,2024-03-16,7,1,6,3,15500.0,46500.0,31207.58,15292.42
3647,2024-03-17,15,4,1,3,15500.0,46500.0,38961.11,7538.89
3648,2024-03-17,18,2,5,4,3000.0,12000.0,8895.9,3104.1
3649,2024-03-17,9,1,2,4,9500.0,38000.0,22952.29,15047.71
3650,2024-03-18,3,2,4,2,31600.0,63200.0,49565.81,13634.19
3651,2024-03-18,16,9,4,3,3200.0,9600.0,5841.41,3758.59
3652,2024-03-18,13,2,4,2,15600.0,31200.0,24617.32,6582.68
3653,2024-03-18,5,2,1,3,32500.0,97500.0,80700.02,16799.98
3654,2024-03-19,8,6,5,1,14300.0,14300.0,9667.32,4632.68
3655,2024-03-19,3,10,4,3,26600.0,79800.0,60874.96,18925.04
3656,2024-03-19,11,4,1,4,10800.0,43200.0,30765.39,12434.61
3657,2024-03-19,9,9,1,1,9000.0,9000.0,7560.71,1439.29
3658,2024-03-19,4,10,5,4,32100.0,128400.0,96730.51,31669.49
3659,2024-03-19,8,10,1,4,14900.0,59600.0,40091.09,19508.91
3660,2024-03-19,8,2,1,2,15900.0,31800.0,23020.77,8779.23
3661,2024-03-19,7,1,1,2,10700.0,21400.0,15008.19,6391.81
3662,2024-03-20,7,7,1,1,12500.0,12500.0,7571.89,4928.11
3663,2024-03-20,2,4,1,1,19000.0,19000.0,15313.0,3687.0
3664,2024-03-20,12,5,1,3,12600.0,37800.0,25735.26,12064.74
3665,2024-03-20,20,8,4,2,4800.0,9600.0,7905.01,1694.99
3666,2024-03-20,3,4,1,5,24600.0,123000.0,95611.85,27388.15
3667,2024-03-20,19,2,1,2,3600.0,7200.0,4811.65,2388.35
3668,2024-03-20,14,4,5,5,10900.0,54500.0,34265.05,20234.95
3669,2024-03-20,1,5,1,2,20500.0,41000.0,26926.72,14073.28
3670,2024-03-20,5,1,1,5,19300.0,96500.0,66732.39,29767.61
3671,2024-03-20,17,1,5,4,3500.0,14000.0,9557.54,4442.46
3672,2024-03-21,5,3,1,1,28200.0,28200.0,23114.95,5085.05
3673,2024-03-21,17,1,6,4,3100.0,12400.0,8101.63,4298.37
3674,2024-03-21,3,2,1,1,32200.0,32200.0,23715.92,8484.08
3675,2024-03-21,13,1,6,4,20100.0,80400.0,47968.96,32431.04
3676,2024-03-21,16,1,1,3,3500.0,10500.0,7145.6,3354.4
3677,2024-03-21,4,9,1,5,29300.0,146500.0,89586.8,56913.2
3678,2024-03-21,1,1,1,2,18900.0,37800.0,31654.59,6145.41
3679,2024-03-21,18,4,1,2,3900.0,7800.0,5548.28,2251.72
3680,2024-03-22,9,6,1,3,14400.0,43200.0,26554.8,16645.2
3681,2024-03-22,16,1,1,3,5000.0,15000.0,9354.88,5645.12
3682,2024-03-22,17,1,1,5,4600.0,23000.0,17179.93,5820.07
3683,2024-03-22,20,1,1,3,2800.0,8400.0,5279.5,3120.5
3684,2024-03-22,12,1,2,2,15000.0,30000.0,17956.33,12043.67
3685,2024-03-23,11,1,5,5,14400.0,72000.0,55794.66,16205.34
3686,2024-03-23,8,4,6,1,14300.0,14300.0,10724.95,3575.05
3687,2024-03-23,7,5,4,5,16100.0,80500.0,62336.75,18163.25
3688,2024-03-23,10,4,2,2,14400.0,28800.0,20952.04,7847.96
3689,2024-03-23,2,1,6,2,28000.0,56000.0,42124.03,13875.97
3690,2024-03-23,9,6,2,5,16500.0,82500.0,63267.31,19232.69
3691,2024-03-24,16,2,5,3,5100.0,15300.0,11773.65,3526.35
3692,2024-03-24,13,9,2,5,12200.0,61000.0,44205.36,16794.64
3693,2024-03-24,8,4,4,5,14300.0,71500.0,49342.4,22157.6
3694,2024-03-24,11,9,1,4,13700.0,54800.0,44220.74,10579.26
3695,2024-03-24,5,1,2,3,19300.0,57900.0,45996.94,11903.06
3696,2024-03-25,13,5,2,3,13200.0,39600.0,31817.08,7782.92
3697,2024-03-25,4,1,1,5,30800.0,154000.0,116556.51,37443.49
3698,2024-03-25,3,1,1,4,18100.0,72400.0,50918.66,21481.34
3699,2024-03-25,19,7,5,5,3100.0,15500.0,9399.59,6100.41
3700,2024-03-25,4,1,1,4,19500.0,78000.0,62174.04,15825.96
3701,2024-03-25,12,4,2,3,17200.0,51600.0,37338.03,14261.97
3702,2024-03-26,11,1,1,4,20300.0,81200.0,66851.35,14348.65
3703,2024-03-26,18,2,2,2,4500.0,9000.0,5846.51,3153.49
3704,2024-03-26,9,1,5,2,15100.0,30200.0,24574.87,5625.13
3705,2024-03-26,6,2,1,4,9600.0,38400.0,23043.71,15356.29
3706,2024-03-26,18,9,4,1,3500.0,3500.0,2365.21,1134.79
3707,2024-03-26,3,5,2,4,24400.0,97600.0,75771.29,21828.71
3708,2024-03-26,15,1,5,4,17900.0,71600.0,52371.44,19228.56
3709,2024-03-27,11,10,3,5,15300.0,76500.0,54482.89,22017.11
3710,2024-03-27,16,1,1,1,3900.0,3900.0,2365.75,1534.25
3711,2024-03-27,5,8,5,2,21500.0,43000.0,34639.23,8360.77
3712,2024-03-27,6,9,1,2,8500.0,17000.0,11393.18,5606.82
3713,2024-03-28,10,4,1,1,10900.0,10900.0,7376.15,3523.85
3714,2024-03-28,11,1,1,2,16100.0,32200.0,21264.54,10935.46
3715,2024-03-28,2,10,1,5,23100.0,115500.0,78965.02,36534.98
3716,2024-03-28,15,8,4,4,19300.0,77200.0,56000.72,21199.28
3717,2024-03-28,19,4,4,4,3800.0,15200.0,12805.68,2394.32
3718,2024-03-29,17,1,1,2,3100.0,6200.0,5120.0,1080.0
3719,2024-03-29,6,5,5,1,13900.0,13900.0,11693.01,2206.99
3720,2024-03-29,13,4,4,3,18300.0,54900.0,43011.08,11888.92
3721,2024-03-29,10,2,4,3,12700.0,38100.0,25994.54,12105.46
3722,2024-03-29,13,4,4,5,11800.0,59000.0,43337.68,15662.32
3723,2024-03-30,12,5,4,2,18900.0,37800.0,30569.92,7230.08
3724,2024-03-30,15,1,1,2,10800.0,21600.0,17811.3,3788.7
3725,2024-03-30,18,4,1,2,4400.0,8800.0,5844.47,2955.53
3726,2024-03-30,7,6,1,2,9800.0,19600.0,13680.36,5919.64
3727,2024-03-30,10,8,1,5,15000.0,75000.0,53778.77,21221.23
3728,2024-03-30,20,9,1,5,3900.0,19500.0,11922.17,7577.83
3729,2024-03-30,5,6,4,5,33700.0,168500.0,119093.94,49406.06
3730,2024-03-30,20,2,1,5,3000.0,15000.0,10328.42,4671.58
3731,2024-03-30,14,9,2,5,14800.0,74000.0,54530.51,19469.49
3732,2024-03-30,1,2,5,2,29500.0,59000.0,48942.48,10057.52
3733,2024-03-31,10,10,1,2,14900.0,29800.0,20647.52,9152.48
3734,2024-03-31,9,1,1,3,16600.0,49800.0,34044.83,15755.17
3735,2024-03-31,1,5,4,4,23400.0,93600.0,57508.2,36091.8
3736,2024-03-31,14,2,1,4,12600.0,50400.0,30433.33,19966.67
3737,2024-03-31,7,9,1,1,9200.0,9200.0,6531.26,2668.74
3738,2024-03-31,12,9,1,1,18400.0,18400.0,11403.7,6996.3
3739,2024-04-01,14,10,1,1,16100.0,16100.0,10535.51,5564.49
3740,2024-04-01,3,9,1,4,27200.0,108800.0,77530.77,31269.23
3741,2024-04-01,4,10,1,1,26200.0,26200.0,20217.25,5982.75
3742,2024-04-01,5,9,2,5,24400.0,122000.0,95462.1,26537.9
3743,2024-04-01,1,1,5,3,22800.0,68400.0,55789.57,12610.43
3744,2024-04-01,9,7,4,2,11100.0,22200.0,14314.35,7885.65
3745,2024-04-02,14,4,4,5,19200.0,96000.0,57293.1,38706.9
3746,2024-04-02,18,10,2,3,3500.0,10500.0,8418.44,2081.56
3747,2024-04-02,16,4,1,2,5300.0,10600.0,8312.64,2287.36
3748,2024-04-02,7,6,4,1,11300.0,11300.0,7400.59,3899.41
3749,2024-04-03,11,3,1,3,11700.0,35100.0,23699.34,11400.66
3750,2024-04-03,8,1,1,3,15900.0,47700.0,35002.65,12697.35
3751,2024-04-03,3,9,4,1,20100.0,20100.0,15948.66,4151.34
3752,2024-04-03,18,9,5,1,5400.0,5400.0,3575.16,1824.84
3753,2024-04-03,6,1,2,4,13300.0,53200.0,31731.57,21468.43
3754,2024-04-03,16,9,1,4,5400.0,21600.0,13728.2,7871.8
3755,2024-04-03,11,1,1,1,14900.0,14900.0,10314.46,4585.54
3756,2024-04-04,11,7,3,4,16400.0,65600.0,38343.04,27256.96
3757,2024-04-04,7,1,5,3,14400.0,43200.0,30021.05,13178.95
3758,2024-04-04,17,6,3,1,3900.0,3900.0,2369.38,1530.62
3759,2024-04-04,16,1,5,1,4600.0,4600.0,2673.34,1926.66
3760,2024-04-04,11,2,5,3,14800.0,44400.0,28439.23,15960.77
3761,2024-04-04,15,1,5,3,13400.0,40200.0,30141.7,10058.3
3762,2024-04-05,17,9,4,3,4300.0,12900.0,9473.27,3426.73
3763,2024-04-05,13,5,4,5,16900.0,84500.0,71610.76,12889.24
3764,2024-04-05,6,10,2,2,15000.0,30000.0,20926.65,9073.35
3765,2024-04-06,10,2,4,5,10800.0,54000.0,37579.42,16420.58
3766,2024-04-06,4,1,5,1,32100.0,32100.0,24858.0,7242.0
3767,2024-04-06,13,1,1,5,19000.0,95000.0,80218.46,14781.54
3768,2024-04-06,11,1,5,3,14700.0,44100.0,31402.39,12697.61
3769,2024-04-06,9,6,1,3,13400.0,40200.0,27172.09,13027.91
3770,2024-04-06,11,4,1,5,14400.0,72000.0,45693.63,26306.37
3771,2024-04-06,7,4,1,4,13900.0,55600.0,41480.54,14119.46
3772,2024-04-06,1,2,4,2,25500.0,51000.0,32751.62,18248.38
3773,2024-04-07,2,1,1,3,17600.0,52800.0,39197.02,13602.98
3774,2024-04-07,14,5,4,5,17300.0,86500.0,59445.69,27054.31
3775,2024-04-07,14,1,6,2,19200.0,38400.0,31553.97,6846.03
3776,2024-04-07,9,2,3,2,12000.0,24000.0,15377.73,8622.27
3777,2024-04-07,12,3,5,4,11300.0,45200.0,35991.72,9208.28
3778,2024-04-07,13,1,4,1,11800.0,11800.0,9930.3,1869.7
3779,2024-04-07,9,2,4,3,14200.0,42600.0,27641.06,14958.94
3780,2024-04-08,19,6,1,4,4900.0,19600.0,13558.11,6041.89
3781,2024-04-08,4,8,1,1,22400.0,22400.0,18923.07,3476.93
3782,2024-04-08,18,6,4,5,5200.0,26000.0,21774.54,4225.46
3783,2024-04-08,10,3,1,2,8700.0,17400.0,14102.43,3297.57
3784,2024-04-08,20,7,1,4,5000.0,20000.0,13328.25,6671.75
3785,2024-04-08,10,1,4,2,14800.0,29600.0,23841.64,5758.36
3786,2024-04-08,5,1,1,1,24300.0,24300.0,20323.17,3976.83
3787,2024-04-08,17,4,4,3,4700.0,14100.0,11888.27,2211.73
3788,2024-04-08,12,1,1,1,16800.0,16800.0,11598.48,5201.52
3789,2024-04-09,17,5,5,3,3700.0,11100.0,9278.17,1821.83
3790,2024-04-09,10,2,1,4,9500.0,38000.0,29956.06,8043.94
3791,2024-04-09,7,7,4,2,14400.0,28800.0,20172.61,8627.39
3792,2024-04-09,11,6,4,2,17300.0,34600.0,24030.1,10569.9
3793,2024-04-09,17,1,1,3,4300.0,12900.0,8168.69,4731.31
3794,2024-04-09,13,1,4,1,11300.0,11300.0,6633.98,4666.02
3795,2024-04-10,3,6,4,2,22200.0,44400.0,31586.43,12813.57
3796,2024-04-10,19,1,4,1,4700.0,4700.0,3973.7,726.3
3797,2024-04-10,1,4,2,4,27400.0,109600.0,72893.28,36706.72
3798,2024-04-10,7,1,1,3,14500.0,43500.0,28674.19,14825.81
3799,2024-04-10,8,1,5,1,16700.0,16700.0,10174.55,6525.45
3800,2024-04-10,18,1,1,3,4700.0,14100.0,10444.58,3655.42
3801,2024-04-10,13,9,1,5,13000.0,65000.0,46662.79,18337.21
3802,2024-04-10,13,1,4,2,10900.0,21800.0,17044.74,4755.26
3803,2024-04-10,9,2,1,3,15100.0,45300.0,28600.83,16699.17
3804,2024-04-11,7,1,1,5,12600.0,63000.0,51191.41,11808.59
3805,2024-04-11,9,1,1,5,8500.0,42500.0,35996.57,6503.43
3806,2024-04-11,11,9,4,2,13600.0,27200.0,21213.05,5986.95
3807,2024-04-11,7,9,5,3,14600.0,43800.0,36798.36,7001.64
3808,2024-04-11,3,4,4,1,33600.0,33600.0,27079.91,6520.09
3809,2024-04-11,2,9,1,1,23400.0,23400.0,19055.8,4344.2
3810,2024-04-11,20,1,3,5,5000.0,25000.0,16642.88,8357.12
3811,2024-04-12,7,2,4,1,15000.0,15000.0,9973.44,5026.56
3812,2024-04-13,12,9,1,4,16000.0,64000.0,44845.03,19154.97
3813,2024-04-13,3,9,4,1,25500.0,25500.0,17150.91,8349.09
3814,2024-04-13,4,4,6,4,30100.0,120400.0,99224.12,21175.88
3815,2024-04-13,13,4,1,1,16600.0,16600.0,12952.92,3647.08
3816,2024-04-13,4,2,2,3,25700.0,77100.0,64425.4,12674.6
3817,2024-04-13,2,1,1,5,22500.0,112500.0,77744.69,34755.31
3818,2024-04-13,5,1,1,5,35000.0,175000.0,142603.93,32396.07
3819,2024-04-14,5,4,1,5,33100.0,165500.0,122901.42,42598.58
3820,2024-04-14,18,1,5,1,4400.0,4400.0,3315.79,1084.21
3821,2024-04-14,20,1,1,2,4200.0,8400.0,5926.68,2473.32
3822,2024-04-14,9,6,1,4,11000.0,44000.0,28262.16,15737.84
3823,2024-04-14,9,2,2,5,15200.0,76000.0,44201.89,31798.11
3824,2024-04-14,10,4,2,5,14600.0,73000.0,44310.55,28689.45
3825,2024-04-15,1,9,1,3,21000.0,63000.0,39183.53,23816.47
3826,2024-04-15,10,2,4,1,16200.0,16200.0,13214.45,2985.55
3827,2024-04-15,5,10,4,2,33100.0,66200.0,51842.3,14357.7
3828,2024-04-15,15,1,3,4,16800.0,67200.0,47682.97,19517.03
3829,2024-04-15,8,7,3,4,11300.0,45200.0,28185.99,17014.01
3830,2024-04-15,5,1,4,3,27200.0,81600.0,59555.03,22044.97
3831,2024-04-15,9,2,4,2,9900.0,19800.0,13479.77,6320.23
3832,2024-04-15,16,9,1,4,3200.0,12800.0,9379.11,3420.89
3833,2024-04-15,20,10,2,3,5500.0,16500.0,13279.19,3220.81
3834,2024-04-15,6,6,4,5,9900.0,49500.0,33842.31,15657.69
3835,2024-04-16,2,1,2,4,25400.0,101600.0,59410.82,42189.18
3836,2024-04-16,13,1,1,1,12800.0,12800.0,7668.38,5131.62
3837,2024-04-16,17,8,1,5,5500.0,27500.0,21248.74,6251.26
3838,2024-04-16,12,6,4,4,14400.0,57600.0,38779.79,18820.21
3839,2024-04-16,8,1,2,3,14600.0,43800.0,34213.24,9586.76
3840,2024-04-17,8,3,4,3,11300.0,33900.0,25190.22,8709.78
3841,2024-04-17,12,6,1,1,13500.0,13500.0,8275.69,5224.31
3842,2024-04-17,5,3,3,1,18200.0,18200.0,14773.04,3426.96
3843,2024-04-17,11,1,1,1,12600.0,12600.0,8096.16,4503.84
3844,2024-04-17,16,8,5,1,4700.0,4700.0,3320.16,1379.84
3845,2024-04-17,10,2,4,5,16400.0,82000.0,64248.64,17751.36
3846,2024-04-18,12,10,1,4,11500.0,46000.0,33940.0,12060.0
3847,2024-04-18,10,6,1,5,8800.0,44000.0,27163.77,16836.23
3848,2024-04-18,11,1,4,2,18400.0,36800.0,28320.52,8479.48
3849,2024-04-19,6,7,1,3,13900.0,41700.0,25828.76,15871.24
3850,2024-04-19,15,10,1,1,20100.0,20100.0,15043.29,5056.71
3851,2024-04-19,8,4,1,5,16700.0,83500.0,59700.56,23799.44
3852,2024-04-19,9,4,1,5,12000.0,60000.0,48415.38,11584.62
3853,2024-04-19,9,2,4,5,16600.0,83000.0,69169.95,13830.05
3854,2024-04-19,17,6,1,4,3700.0,14800.0,8727.83,6072.17
3855,2024-04-19,13,2,4,3,11000.0,33000.0,22915.74,10084.26
3856,2024-04-19,19,10,1,3,3500.0,10500.0,7656.75,2843.25
3857,2024-04-20,6,2,1,4,11100.0,44400.0,34769.03,9630.97
3858,2024-04-20,8,1,5,5,12700.0,63500.0,40562.74,22937.26
3859,2024-04-20,12,2,2,1,16000.0,16000.0,12375.0,3625.0
3860,2024-04-20,12,9,1,4,19200.0,76800.0,51564.54,25235.46
3861,2024-04-20,15,1,5,1,20400.0,20400.0,12999.74,7400.26
3862,2024-04-20,10,4,6,3,11500.0,34500.0,27450.85,7049.15
3863,2024-04-20,7,1,2,3,8500.0,25500.0,17431.39,8068.61
3864,2024-04-20,3,3,1,4,22400.0,89600.0,66599.86,23000.14
3865,2024-04-20,4,6,4,2,23000.0,46000.0,33707.85,12292.15
3866,2024-04-21,1,1,6,3,20400.0,61200.0,51098.94,10101.06
3867,2024-04-21,8,6,1,3,9100.0,27300.0,20582.93,6717.07
3868,2024-04-21,12,6,3,5,14100.0,70500.0,46619.1,23880.9
3869,2024-04-21,18,6,4,3,3400.0,10200.0,6395.78,3804.22
3870,2024-04-21,14,6,1,2,12900.0,25800.0,21078.23,4721.77
3871,2024-04-21,20,6,3,2,3900.0,7800.0,4872.65,2927.35
3872,2024-04-21,15,2,1,3,15200.0,45600.0,26773.34,18826.66
3873,2024-04-22,15,4,4,1,11500.0,11500.0,8105.46,3394.54
3874,2024-04-22,18,1,5,2,4900.0,9800.0,7960.69,1839.31
3875,2024-04-22,16,2,5,5,2800.0,14000.0,9260.42,4739.58
3876,2024-04-22,2,9,5,2,30600.0,61200.0,43003.79,18196.21
3877,2024-04-22,19,10,4,4,3400.0,13600.0,10849.72,2750.28
3878,2024-04-23,6,2,6,1,9500.0,9500.0,5514.06,3985.94
3879,2024-04-23,7,4,3,4,16300.0,65200.0,39526.68,25673.32
3880,2024-04-23,11,2,1,3,17200.0,51600.0,34562.38,17037.62
3881,2024-04-24,1,1,1,3,28300.0,84900.0,71411.73,13488.27
3882,2024-04-24,8,4,1,4,8500.0,34000.0,22059.57,11940.43
3883,2024-04-24,20,4,2,3,3200.0,9600.0,6536.65,3063.35
3884,2024-04-25,12,8,1,3,18500.0,55500.0,35189.5,20310.5
3885,2024-04-25,9,2,1,3,14400.0,43200.0,36244.06,6955.94
3886,2024-04-25,17,1,1,3,3900.0,11700.0,7125.97,4574.03
3887,2024-04-25,5,3,6,4,28800.0,115200.0,69447.53,45752.47
3888,2024-04-25,2,4,2,1,28000.0,28000.0,23741.03,4258.97
3889,2024-04-25,20,6,1,5,4500.0,22500.0,19123.34,3376.66
3890,2024-04-25,13,5,1,1,20200.0,20200.0,12352.06,7847.94
3891,2024-04-26,1,1,4,2,26400.0,52800.0,38733.11,14066.89
3892,2024-04-27,18,9,1,2,4300.0,8600.0,5024.96,3575.04
3893,2024-04-27,9,1,2,2,13700.0,27400.0,17560.02,9839.98
3894,2024-04-27,13,2,1,4,19200.0,76800.0,53640.79,23159.21
3895,2024-04-28,6,1,1,3,15400.0,46200.0,32077.43,14122.57
3896,2024-04-28,6,1,4,5,11700.0,58500.0,46247.71,12252.29
3897,2024-04-28,16,1,1,1,5300.0,5300.0,3130.33,2169.67
3898,2024-04-28,1,6,4,4,23600.0,94400.0,64475.71,29924.29
3899,2024-04-28,9,2,1,1,12000.0,12000.0,7452.76,4547.24
3900,2024-04-29,3,9,1,3,18700.0,56100.0,35116.34,20983.66
3901,2024-04-29,6,1,4,2,12600.0,25200.0,16703.05,8496.95
3902,2024-04-29,13,2,4,1,13900.0,13900.0,8278.69,5621.31
3903,2024-04-29,14,6,4,3,19100.0,57300.0,33337.91,23962.09
3904,2024-04-29,11,1,4,1,18300.0,18300.0,15449.31,2850.69
3905,2024-04-29,3,4,2,5,27900.0,139500.0,112558.64,26941.36
3906,2024-04-29,10,1,4,3,11900.0,35700.0,21206.62,14493.38
3907,2024-04-29,7,4,5,4,16600.0,66400.0,45377.54,21022.46
3908,2024-04-30,17,1,2,1,3600.0,3600.0,2301.9,1298.1
3909,2024-04-30,19,7,1,1,3600.0,3600.0,2943.68,656.32
3910,2024-04-30,1,10,4,3,32600.0,97800.0,63249.1,34550.9
3911,2024-04-30,3,10,4,2,23100.0,46200.0,36323.91,9876.09
3912,2024-05-01,11,6,1,2,10800.0,21600.0,16594.26,5005.74
3913,2024-05-01,5,1,1,1,31100.0,31100.0,20205.31,10894.69
3914,2024-05-02,9,9,4,4,10000.0,40000.0,30697.66,9302.34
3915,2024-05-02,15,4,1,1,16100.0,16100.0,10759.42,5340.58
3916,2024-05-02,20,1,5,1,5200.0,5200.0,3475.27,1724.73
3917,2024-05-02,10,2,6,5,9400.0,47000.0,27478.48,19521.52
3918,2024-05-03,12,5,4,2,17400.0,34800.0,29146.78,5653.22
3919,2024-05-03,7,1,1,5,15500.0,77500.0,54175.35,23324.65
3920,2024-05-03,15,6,1,3,16900.0,50700.0,34057.55,16642.45
3921,2024-05-03,11,9,4,2,19500.0,39000.0,23566.67,15433.33
3922,2024-05-03,16,2,4,4,4700.0,18800.0,13873.24,4926.76
3923,2024-05-03,15,1,1,4,17100.0,68400.0,49400.07,18999.93
3924,2024-05-04,20,1,1,4,2900.0,11600.0,7684.07,3915.93
3925,2024-05-04,3,2,4,4,18200.0,72800.0,53722.83,19077.17
3926,2024-05-04,15,1,5,2,12200.0,24400.0,16003.54,8396.46
3927,2024-05-04,1,3,1,4,30400.0,121600.0,85849.24,35750.76
3928,2024-05-05,4,1,6,1,31800.0,31800.0,20629.12,11170.88
3929,2024-05-05,14,7,6,5,19100.0,95500.0,59402.4,36097.6
3930,2024-05-05,13,1,4,4,12300.0,49200.0,41504.04,7695.96
3931,2024-05-05,11,1,1,4,20700.0,82800.0,56647.39,26152.61
3932,2024-05-05,19,4,2,4,4500.0,18000.0,12875.45,5124.55
3933,2024-05-05,8,1,1,1,12500.0,12500.0,8208.73,4291.27
3934,2024-05-06,12,6,1,3,19700.0,59100.0,43326.52,15773.48
3935,2024-05-06,2,1,2,2,17600.0,35200.0,24364.88,10835.12
3936,2024-05-06,14,1,4,1,19000.0,19000.0,14063.39,4936.61
3937,2024-05-06,8,8,1,3,13200.0,39600.0,29960.18,9639.82
3938,2024-05-06,20,2,1,4,3000.0,12000.0,9805.1,2194.9
3939,2024-05-07,8,2,1,2,16700.0,33400.0,21382.57,12017.43
3940,2024-05-07,19,1,3,3,4800.0,14400.0,11089.32,3310.68
3941,2024-05-07,10,9,1,1,10000.0,10000.0,7075.41,2924.59
3942,2024-05-07,7,1,4,1,15000.0,15000.0,12558.19,2441.81
3943,2024-05-08,15,1,1,4,13300.0,53200.0,33080.34,20119.66
3944,2024-05-08,3,6,1,4,24500.0,98000.0,72754.96,25245.04
3945,2024-05-08,18,10,2,3,5200.0,15600.0,12322.06,3277.94
3946,2024-05-08,18,4,4,1,5600.0,5600.0,4751.16,848.84
3947,2024-05-08,18,1,4,2,3600.0,7200.0,5019.15,2180.85
3948,2024-05-08,14,4,2,3,12600.0,37800.0,26181.22,11618.78
3949,2024-05-08,20,8,4,5,3200.0,16000.0,10241.69,5758.31
3950,2024-05-09,15,1,1,1,14400.0,14400.0,11804.11,2595.89
3951,2024-05-09,6,7,1,2,9000.0,18000.0,14492.26,3507.74
3952,2024-05-09,20,1,4,2,4800.0,9600.0,5954.16,3645.84
3953,2024-05-09,15,1,1,4,18000.0,72000.0,61026.37,10973.63
3954,2024-05-09,10,1,5,5,13900.0,69500.0,49465.12,20034.88
3955,2024-05-10,11,2,1,5,14000.0,70000.0,46962.1,23037.9
3956,2024-05-10,6,2,2,4,10900.0,43600.0,33555.81,10044.19
3957,2024-05-10,6,1,5,5,14400.0,72000.0,56955.99,15044.01
3958,2024-05-10,12,4,4,4,18300.0,73200.0,47027.01,26172.99
3959,2024-05-10,4,1,1,5,33700.0,168500.0,114719.97,53780.03
3960,2024-05-10,20,10,1,1,3100.0,3100.0,2221.16,878.84
3961,2024-05-11,3,2,1,5,27100.0,135500.0,86307.89,49192.11
3962,2024-05-11,9,10,4,2,13400.0,26800.0,19944.07,6855.93
3963,2024-05-11,8,2,4,5,9500.0,47500.0,28263.37,19236.63
3964,2024-05-11,19,5,1,2,3600.0,7200.0,4713.73,2486.27
3965,2024-05-11,17,2,2,2,4400.0,8800.0,7013.92,1786.08
3966,2024-05-11,10,8,3,1,10900.0,10900.0,6765.05,4134.95
3967,2024-05-11,5,3,6,4,34900.0,139600.0,112984.26,26615.74
3968,2024-05-12,19,2,1,4,2800.0,11200.0,9347.66,1852.34
3969,2024-05-12,16,1,4,3,2900.0,8700.0,5311.25,3388.75
3970,2024-05-12,9,1,6,5,16300.0,81500.0,67319.85,14180.15
3971,2024-05-13,15,1,3,5,19100.0,95500.0,59487.74,36012.26
3972,2024-05-13,16,4,1,5,5400.0,27000.0,20315.84,6684.16
3973,2024-05-13,7,8,4,1,9000.0,9000.0,5789.37,3210.63
3974,2024-05-14,11,5,4,2,13400.0,26800.0,19020.56,7779.44
3975,2024-05-14,8,1,1,1,8500.0,8500.0,6878.93,1621.07
3976,2024-05-14,8,4,1,4,11900.0,47600.0,39035.47,8564.53
3977,2024-05-14,1,2,4,2,23900.0,47800.0,34472.83,13327.17
3978,2024-05-15,11,10,1,1,16400.0,16400.0,13352.75,3047.25
3979,2024-05-15,9,1,1,3,9300.0,27900.0,16189.64,11710.36
3980,2024-05-15,19,2,4,4,4400.0,17600.0,14073.68,3526.32
3981,2024-05-15,3,1,4,4,24400.0,97600.0,79433.36,18166.64
3982,2024-05-15,3,2,3,2,29700.0,59400.0,39561.46,19838.54
3983,2024-05-15,9,1,1,5,12900.0,64500.0,54686.25,9813.75
3984,2024-05-16,15,6,4,5,14600.0,73000.0,57798.4,15201.6
3985,2024-05-16,16,1,4,4,3600.0,14400.0,11589.33,2810.67
3986,2024-05-16,12,2,1,3,14500.0,43500.0,30442.4,13057.6
3987,2024-05-16,16,8,1,4,5000.0,20000.0,11848.43,8151.57
3988,2024-05-16,5,1,1,4,20900.0,83600.0,68266.22,15333.78
3989,2024-05-16,4,1,4,5,30700.0,153500.0,120253.7,33246.3
3990,2024-05-16,17,1,1,4,3200.0,12800.0,8450.81,4349.19
3991,2024-05-17,14,10,2,4,20100.0,80400.0,60152.02,20247.98
3992,2024-05-17,1,2,1,3,33100.0,99300.0,58333.15,40966.85
3993,2024-05-17,13,1,1,3,20400.0,61200.0,49063.89,12136.11
3994,2024-05-17,14,4,2,1,11900.0,11900.0,8028.26,3871.74
3995,2024-05-17,16,5,1,2,4100.0,8200.0,6522.21,1677.79
3996,2024-05-17,5,8,1,3,31300.0,93900.0,71940.68,21959.32
3997,2024-05-17,6,7,1,3,12500.0,37500.0,31493.94,6006.06
3998,2024-05-17,1,2,4,2,34900.0,69800.0,55632.08,14167.92
3999,2024-05-18,18,6,1,5,4300.0,21500.0,13308.13,8191.87
4000,2024-05-18,20,4,4,2,3200.0,6400.0,4142.47,2257.53
4001,2024-05-18,11,1,5,4,15500.0,62000.0,47446.18,14553.82
4002,2024-05-19,14,10,4,2,12700.0,25400.0,17584.76,7815.24
4003,2024-05-19,10,1,1,4,16000.0,64000.0,48558.48,15441.52
4004,2024-05-19,4,6,1,3,32000.0,96000.0,67708.68,28291.32
4005,2024-05-19,5,2,1,3,19000.0,57000.0,39606.81,17393.19
4006,2024-05-19,10,9,2,2,9000.0,18000.0,10747.64,7252.36
4007,2024-05-19,15,7,1,5,19500.0,97500.0,57165.72,40334.28
4008,2024-05-20,8,8,1,3,9300.0,27900.0,23142.08,4757.92
4009,2024-05-20,9,8,5,1,14800.0,14800.0,9345.09,5454.91
4010,2024-05-20,8,4,1,5,14800.0,74000.0,55367.71,18632.29
4011,2024-05-20,8,1,2,5,13300.0,66500.0,54871.9,11628.1
4012,2024-05-21,10,8,1,2,13300.0,26600.0,19008.01,7591.99
4013,2024-05-21,13,2,4,1,13700.0,13700.0,9084.24,4615.76
4014,2024-05-21,4,1,4,3,32000.0,96000.0,58961.93,37038.07
4015,2024-05-21,19,2,5,3,5300.0,15900.0,12315.92,3584.08
4016,2024-05-21,19,9,2,5,5000.0,25000.0,19206.18,5793.82
4017,2024-05-21,14,2,4,5,20900.0,104500.0,81469.79,23030.21
4018,2024-05-22,16,9,4,1,4400.0,4400.0,3591.49,808.51
4019,2024-05-22,3,1,4,1,24200.0,24200.0,18337.24,5862.76
4020,2024-05-22,7,1,3,5,9100.0,45500.0,36530.08,8969.92
4021,2024-05-22,14,2,5,1,12600.0,12600.0,9423.44,3176.56
4022,2024-05-22,10,1,4,1,14900.0,14900.0,11271.07,3628.93
4023,2024-05-22,10,4,1,4,16700.0,66800.0,47725.57,19074.43
4024,2024-05-22,1,9,4,3,23700.0,71100.0,42448.99,28651.01
4025,2024-05-22,3,1,4,4,29700.0,118800.0,90555.66,28244.34
4026,2024-05-22,2,6,1,5,23500.0,117500.0,97480.2,20019.8
4027,2024-05-22,18,1,4,1,4900.0,4900.0,3781.91,1118.09
4028,2024-05-22,9,1,1,1,13500.0,13500.0,8639.06,4860.94
4029,2024-05-23,4,9,1,3,30700.0,92100.0,73804.47,18295.53
4030,2024-05-23,18,9,2,5,5100.0,25500.0,20872.7,4627.3
4031,2024-05-23,4,1,2,1,27000.0,27000.0,16197.5,10802.5
4032,2024-05-23,6,6,2,3,14100.0,42300.0,33932.2,8367.8
4033,2024-05-24,11,5,6,3,16100.0,48300.0,34347.19,13952.81
4034,2024-05-24,16,1,4,1,4800.0,4800.0,3257.58,1542.42
4035,2024-05-24,5,2,2,4,18000.0,72000.0,54511.52,17488.48
4036,2024-05-24,15,2,1,5,16100.0,80500.0,53038.64,27461.36
4037,2024-05-24,12,1,3,3,11300.0,33900.0,27572.67,6327.33
4038,2024-05-25,19,5,4,2,4800.0,9600.0,7544.06,2055.94
4039,2024-05-25,5,1,4,1,23200.0,23200.0,13470.39,9729.61
4040,2024-05-25,11,7,1,1,12900.0,12900.0,9490.31,3409.69
4041,2024-05-25,8,1,4,1,11400.0,11400.0,7588.11,3811.89
4042,2024-05-25,20,1,1,2,4000.0,8000.0,5733.44,2266.56
4043,2024-05-26,16,6,4,4,3600.0,14400.0,11930.86,2469.14
4044,2024-05-26,16,4,1,2,4700.0,9400.0,6631.07,2768.93
4045,2024-05-26,15,1,1,5,14000.0,70000.0,50150.39,19849.61
4046,2024-05-26,10,2,1,3,16300.0,48900.0,40546.5,8353.5
4047,2024-05-26,13,2,1,1,18600.0,18600.0,13975.33,4624.67
4048,2024-05-26,1,1,2,2,18500.0,37000.0,25687.35,11312.65
4049,2024-05-26,8,8,1,2,14400.0,28800.0,19196.58,9603.42
4050,2024-05-26,15,1,5,5,19900.0,99500.0,76937.25,22562.75
4051,2024-05-27,15,1,4,3,16700.0,50100.0,39108.76,10991.24
4052,2024-05-27,19,7,1,1,4000.0,4000.0,2558.97,1441.03
4053,2024-05-27,11,1,6,3,13500.0,40500.0,24449.37,16050.63
4054,2024-05-27,13,1,1,1,15500.0,15500.0,12885.79,2614.21
4055,2024-05-27,15,4,1,3,13500.0,40500.0,28293.56,12206.44
4056,2024-05-27,9,1,4,2,14900.0,29800.0,18298.24,11501.76
4057,2024-05-27,5,1,2,5,26100.0,130500.0,80579.86,49920.14
4058,2024-05-27,9,10,4,4,9300.0,37200.0,25791.9,11408.1
4059,2024-05-27,9,10,1,4,9500.0,38000.0,24848.98,13151.02
4060,2024-05-28,13,2,1,4,12200.0,48800.0,29301.99,19498.01
4061,2024-05-28,9,7,4,1,14700.0,14700.0,11604.82,3095.18
4062,2024-05-28,11,4,1,4,20100.0,80400.0,59529.22,20870.78
4063,2024-05-28,16,4,1,5,3400.0,17000.0,11388.02,5611.98
4064,2024-05-29,10,1,1,2,14700.0,29400.0,20259.05,9140.95
4065,2024-05-29,17,4,6,4,4700.0,18800.0,14532.4,4267.6
4066,2024-05-29,5,1,2,4,17700.0,70800.0,44751.27,26048.73
4067,2024-05-29,9,2,4,5,14100.0,70500.0,56985.91,13514.09
4068,2024-05-29,17,1,2,3,4000.0,12000.0,9305.02,2694.98
4069,2024-05-29,8,7,4,4,9100.0,36400.0,22931.19,13468.81
4070,2024-05-29,12,6,4,3,11200.0,33600.0,26186.79,7413.21
4071,2024-05-29,19,2,1,5,5600.0,28000.0,16526.64,11473.36
4072,2024-05-29,15,10,4,2,11200.0,22400.0,15037.17,7362.83
4073,2024-05-30,12,1,4,3,15000.0,45000.0,29128.15,15871.85
4074,2024-05-30,5,6,4,3,27100.0,81300.0,56056.9,25243.1
4075,2024-05-30,3,3,1,1,22400.0,22400.0,16809.21,5590.79
4076,2024-05-30,3,1,4,5,27000.0,135000.0,89266.22,45733.78
4077,2024-05-31,5,1,1,1,24600.0,24600.0,19681.91,4918.09
4078,2024-05-31,9,9,1,1,16300.0,16300.0,11953.34,4346.66
4079,2024-05-31,16,1,6,1,5000.0,5000.0,3442.57,1557.43
4080,2024-05-31,17,6,1,4,3200.0,12800.0,7567.49,5232.51
4081,2024-05-31,5,6,1,1,19800.0,19800.0,16282.83,3517.17
4082,2024-05-31,20,1,4,4,4900.0,19600.0,16238.01,3361.99
4083,2024-05-31,17,1,1,1,3100.0,3100.0,2196.78,903.22
4084,2024-05-31,15,7,4,3,12500.0,37500.0,23467.89,14032.11
4085,2024-06-01,11,1,1,2,13200.0,26400.0,21746.79,4653.21
4086,2024-06-01,10,6,5,1,9400.0,9400.0,6969.07,2430.93
4087,2024-06-02,6,2,3,5,16500.0,82500.0,52894.05,29605.95
4088,2024-06-02,20,1,1,3,3500.0,10500.0,6889.64,3610.36
4089,2024-06-02,3,3,6,1,20400.0,20400.0,17208.22,3191.78
4090,2024-06-02,8,5,1,4,11600.0,46400.0,35228.49,11171.51
4091,2024-06-02,18,1,3,1,3900.0,3900.0,2488.74,1411.26
4092,2024-06-02,9,6,1,4,12200.0,48800.0,36268.47,12531.53
4093,2024-06-02,11,5,4,2,17900.0,35800.0,25056.49,10743.51
4094,2024-06-03,17,1,4,2,5500.0,11000.0,8060.73,2939.27
4095,2024-06-03,17,6,4,2,3200.0,6400.0,4469.91,1930.09
4096,2024-06-03,15,2,2,2,10700.0,21400.0,14450.21,6949.79
4097,2024-06-03,11,1,5,4,19600.0,78400.0,54130.19,24269.81
4098,2024-06-03,8,1,1,5,15900.0,79500.0,61772.47,17727.53
4099,2024-06-03,16,5,4,2,4100.0,8200.0,5038.62,3161.38
4100,2024-06-03,9,10,4,3,10100.0,30300.0,18587.25,11712.75
4101,2024-06-03,5,5,1,5,21100.0,105500.0,88764.83,16735.17
4102,2024-06-03,7,8,1,5,9700.0,48500.0,34759.53,13740.47
4103,2024-06-04,18,6,2,3,3000.0,9000.0,6698.15,2301.85
4104,2024-06-04,9,4,4,3,13000.0,39000.0,22707.57,16292.43
4105,2024-06-04,4,1,1,1,33800.0,33800.0,23805.46,9994.54
4106,2024-06-04,11,4,2,2,13200.0,26400.0,20101.89,6298.11
4107,2024-06-04,1,10,4,4,25300.0,101200.0,60463.88,40736.12
4108,2024-06-04,5,4,6,2,18400.0,36800.0,30402.23,6397.77
4109,2024-06-04,19,1,4,4,5200.0,20800.0,17527.82,3272.18
4110,2024-06-04,2,1,1,3,22600.0,67800.0,41657.17,26142.83
4111,2024-06-04,14,9,1,1,14200.0,14200.0,10637.74,3562.26
4112,2024-06-04,12,2,2,3,13300.0,39900.0,31798.4,8101.6
4113,2024-06-04,5,1,4,3,17900.0,53700.0,34898.31,18801.69
4114,2024-06-04,3,1,1,1,21500.0,21500.0,13274.48,8225.52
4115,2024-06-05,15,2,3,1,12900.0,12900.0,7868.89,5031.11
4116,2024-06-05,7,2,4,2,16800.0,33600.0,20214.93,13385.07
4117,2024-06-05,18,1,1,2,5000.0,10000.0,8278.71,1721.29
4118,2024-06-05,16,4,1,5,5600.0,28000.0,18794.49,9205.51
4119,2024-06-05,10,1,4,4,16000.0,64000.0,50818.06,13181.94
4120,2024-06-05,17,4,4,3,3600.0,10800.0,7916.45,2883.55
4121,2024-06-06,19,2,4,5,4800.0,24000.0,15634.99,8365.01
4122,2024-06-06,19,1,4,1,4100.0,4100.0,2894.46,1205.54
4123,2024-06-06,1,4,4,3,25800.0,77400.0,53363.43,24036.57
4124,2024-06-06,5,9,1,1,34500.0,34500.0,27045.57,7454.43
4125,2024-06-06,5,8,4,5,22300.0,111500.0,77316.39,34183.61
4126,2024-06-06,8,3,1,2,11300.0,22600.0,18475.2,4124.8
4127,2024-06-06,4,1,1,5,25800.0,129000.0,104600.33,24399.67
4128,2024-06-07,20,1,1,5,5300.0,26500.0,17011.54,9488.46
4129,2024-06-07,1,1,4,4,24100.0,96400.0,70664.02,25735.98
4130,2024-06-07,16,7,1,4,3300.0,13200.0,8579.2,4620.8
4131,2024-06-07,12,1,1,3,14700.0,44100.0,37324.25,6775.75
4132,2024-06-07,6,4,4,3,10700.0,32100.0,25223.98,6876.02
4133,2024-06-08,14,4,1,5,15600.0,78000.0,63553.35,14446.65
4134,2024-06-08,17,2,1,4,4400.0,17600.0,10689.44,6910.56
4135,2024-06-08,16,1,4,3,5500.0,16500.0,12842.98,3657.02
4136,2024-06-08,13,2,6,5,14600.0,73000.0,47629.47,25370.53
4137,2024-06-08,9,1,4,5,12700.0,63500.0,44573.88,18926.12
4138,2024-06-08,7,4,4,2,13800.0,27600.0,16665.63,10934.37
4139,2024-06-08,13,6,5,4,20300.0,81200.0,66118.02,15081.98
4140,2024-06-08,2,1,1,2,30800.0,61600.0,45042.63,16557.37
4141,2024-06-08,9,1,4,2,13100.0,26200.0,18023.09,8176.91
4142,2024-06-08,12,9,1,5,16200.0,81000.0,56762.94,24237.06
4143,2024-06-08,5,2,5,2,18500.0,37000.0,25552.2,11447.8
4144,2024-06-09,2,4,6,1,34600.0,34600.0,27647.23,6952.77
4145,2024-06-09,3,1,4,3,34700.0,104100.0,68347.48,35752.52
4146,2024-06-09,9,5,2,5,8500.0,42500.0,24835.71,17664.29
4147,2024-06-09,1,6,1,3,29100.0,87300.0,54881.38,32418.62
4148,2024-06-09,14,1,2,5,11100.0,55500.0,40373.13,15126.87
4149,2024-06-09,6,1,2,3,9700.0,29100.0,22555.7,6544.3
4150,2024-06-09,14,1,4,2,13600.0,27200.0,20251.5,6948.5
4151,2024-06-09,14,9,2,1,18000.0,18000.0,11086.63,6913.37
4152,2024-06-09,9,4,1,4,8400.0,33600.0,25096.45,8503.55
4153,2024-06-10,3,6,2,3,23600.0,70800.0,42996.55,27803.45
4154,2024-06-10,11,4,4,5,19200.0,96000.0,60132.19,35867.81
4155,2024-06-10,5,10,1,2,18700.0,37400.0,28531.89,8868.11
4156,2024-06-10,3,2,1,3,20800.0,62400.0,50754.13,11645.87
4157,2024-06-10,15,1,4,5,21000.0,105000.0,68502.19,36497.81
4158,2024-06-11,12,2,4,1,20200.0,20200.0,13102.25,7097.75
4159,2024-06-11,20,7,1,3,4100.0,12300.0,8282.07,4017.93
4160,2024-06-11,9,1,2,1,10800.0,10800.0,8946.07,1853.93
4161,2024-06-11,12,1,4,3,19800.0,59400.0,46988.58,12411.42
4162,2024-06-11,15,3,2,5,16100.0,80500.0,63840.42,16659.58
4163,2024-06-11,6,2,3,2,9100.0,18200.0,11971.77,6228.23
4164,2024-06-11,9,2,6,5,11200.0,56000.0,41834.55,14165.45
4165,2024-06-11,16,10,4,5,5200.0,26000.0,22022.75,3977.25
4166,2024-06-11,3,1,5,5,21200.0,106000.0,64693.21,41306.79
4167,2024-06-11,3,10,3,5,29800.0,149000.0,116296.2,32703.8
4168,2024-06-11,8,2,1,1,16500.0,16500.0,12913.27,3586.73
4169,2024-06-11,15,8,3,1,11300.0,11300.0,8376.22,2923.78
4170,2024-06-12,18,2,4,4,4700.0,18800.0,13814.39,4985.61
4171,2024-06-12,3,4,2,2,31200.0,62400.0,40114.4,22285.6
4172,2024-06-12,16,2,4,5,3400.0,17000.0,12405.41,4594.59
4173,2024-06-12,17,5,1,4,5600.0,22400.0,16288.39,6111.61
4174,2024-06-12,16,6,3,3,4000.0,12000.0,9337.64,2662.36
4175,2024-06-12,8,1,4,4,10200.0,40800.0,28416.39,12383.61
4176,2024-06-12,15,3,1,3,11000.0,33000.0,27234.57,5765.43
4177,2024-06-12,16,10,4,3,4900.0,14700.0,10551.79,4148.21
4178,2024-06-13,14,4,1,5,15900.0,79500.0,56934.72,22565.28
4179,2024-06-13,18,9,1,5,5200.0,26000.0,17974.54,8025.46
4180,2024-06-13,5,2,2,4,21900.0,87600.0,54455.51,33144.49
4181,2024-06-13,4,1,6,4,30400.0,121600.0,102559.69,19040.31
4182,2024-06-13,5,9,1,1,22500.0,22500.0,15416.31,7083.69
4183,2024-06-13,7,10,4,5,15800.0,79000.0,51019.52,27980.48
4184,2024-06-14,5,9,5,3,21300.0,63900.0,42067.3,21832.7
4185,2024-06-14,16,1,2,2,3600.0,7200.0,5604.71,1595.29
4186,2024-06-14,2,4,2,1,32800.0,32800.0,19807.71,12992.29
4187,2024-06-14,3,8,1,1,23900.0,23900.0,13967.64,9932.36
4188,2024-06-14,19,2,4,2,4600.0,9200.0,6218.25,2981.75
4189,2024-06-14,11,4,5,5,14600.0,73000.0,61901.53,11098.47
4190,2024-06-14,11,10,1,3,16100.0,48300.0,31256.85,17043.15
4191,2024-06-14,12,4,1,3,14600.0,43800.0,26193.66,17606.34
4192,2024-06-15,20,1,1,3,5400.0,16200.0,11044.46,5155.54
4193,2024-06-15,4,3,4,5,33900.0,169500.0,118439.74,51060.26
4194,2024-06-15,3,5,4,1,24400.0,24400.0,16584.11,7815.89
4195,2024-06-15,20,10,4,1,4800.0,4800.0,3539.33,1260.67
4196,2024-06-15,3,1,1,5,33200.0,166000.0,115400.13,50599.87
4197,2024-06-15,14,1,4,4,20500.0,82000.0,57848.59,24151.41
4198,2024-06-15,8,9,4,2,16100.0,32200.0,26491.28,5708.72
4199,2024-06-16,19,2,3,4,4000.0,16000.0,13390.06,2609.94
4200,2024-06-16,17,4,4,5,5200.0,26000.0,16710.61,9289.39
4201,2024-06-16,15,4,5,1,11400.0,11400.0,8243.38,3156.62
4202,2024-06-17,2,9,1,2,18400.0,36800.0,28923.02,7876.98
4203,2024-06-17,16,1,4,4,4900.0,19600.0,15291.42,4308.58
4204,2024-06-17,5,7,1,2,28600.0,57200.0,38404.72,18795.28
4205,2024-06-17,10,8,4,3,11900.0,35700.0,28103.1,7596.9
4206,2024-06-17,12,1,5,5,10700.0,53500.0,40591.62,12908.38
4207,2024-06-17,12,9,1,1,19500.0,19500.0,11337.37,8162.63
4208,2024-06-17,2,2,5,4,23200.0,92800.0,67947.79,24852.21
4209,2024-06-18,18,3,4,4,2800.0,11200.0,7976.02,3223.98
4210,2024-06-19,13,3,5,3,15200.0,45600.0,29073.13,16526.87
4211,2024-06-19,13,2,2,2,14600.0,29200.0,18978.48,10221.52
4212,2024-06-19,1,2,6,1,22200.0,22200.0,16717.51,5482.49
4213,2024-06-19,20,9,1,4,5500.0,22000.0,15803.21,6196.79
4214,2024-06-19,5,9,5,1,31200.0,31200.0,23440.68,7759.32
4215,2024-06-19,10,2,5,3,15900.0,47700.0,33065.88,14634.12
4216,2024-06-19,7,1,1,3,13700.0,41100.0,34629.41,6470.59
4217,2024-06-19,10,3,4,2,14700.0,29400.0,19995.19,9404.81
4218,2024-06-20,15,10,4,5,16100.0,80500.0,66221.93,14278.07
4219,2024-06-20,2,9,1,2,21700.0,43400.0,35560.58,7839.42
4220,2024-06-20,20,9,1,4,4400.0,17600.0,10225.11,7374.89
4221,2024-06-21,17,10,4,4,5500.0,22000.0,13063.28,8936.72
4222,2024-06-21,18,1,5,4,3700.0,14800.0,8701.49,6098.51
4223,2024-06-21,17,4,3,1,4600.0,4600.0,2932.35,1667.65
4224,2024-06-22,13,10,3,1,10800.0,10800.0,7447.83,3352.17
4225,2024-06-22,15,10,1,5,15300.0,76500.0,51645.09,24854.91
4226,2024-06-22,18,4,4,3,2800.0,8400.0,5567.97,2832.03
4227,2024-06-22,17,10,4,5,4600.0,23000.0,14935.37,8064.63
4228,2024-06-22,4,6,1,2,30100.0,60200.0,34923.06,25276.94
4229,2024-06-22,20,9,5,5,4700.0,23500.0,15339.92,8160.08
4230,2024-06-23,6,2,1,1,15200.0,15200.0,9847.57,5352.43
4231,2024-06-23,2,9,6,3,34800.0,104400.0,78396.1,26003.9
4232,2024-06-23,8,1,2,1,14700.0,14700.0,10317.89,4382.11
4233,2024-06-24,6,5,1,2,8600.0,17200.0,11265.19,5934.81
4234,2024-06-24,13,6,4,4,18000.0,72000.0,45859.04,26140.96
4235,2024-06-24,12,1,5,3,12900.0,38700.0,26962.03,11737.97
4236,2024-06-24,12,1,2,5,14900.0,74500.0,56754.57,17745.43
4237,2024-06-24,14,1,5,4,13800.0,55200.0,32446.91,22753.09
4238,2024-06-25,4,4,1,3,27400.0,82200.0,64495.99,17704.01
4239,2024-06-25,7,10,6,1,15200.0,15200.0,10620.54,4579.46
4240,2024-06-25,4,1,1,3,27900.0,83700.0,55893.92,27806.08
4241,2024-06-25,12,6,4,5,15100.0,75500.0,54334.7,21165.3
4242,2024-06-25,9,1,4,1,12900.0,12900.0,10246.4,2653.6
4243,2024-06-25,9,4,4,5,13900.0,69500.0,50345.52,19154.48
4244,2024-06-25,2,1,1,1,24600.0,24600.0,14526.91,10073.09
4245,2024-06-25,12,6,1,3,17100.0,51300.0,31470.89,19829.11
4246,2024-06-25,5,4,1,5,27800.0,139000.0,118036.2,20963.8
4247,2024-06-25,12,10,1,3,14800.0,44400.0,28625.97,15774.03
4248,2024-06-26,12,2,4,4,14400.0,57600.0,42768.44,14831.56
4249,2024-06-26,8,5,5,4,8500.0,34000.0,21641.84,12358.16
4250,2024-06-26,15,10,1,5,15100.0,75500.0,62376.92,13123.08
4251,2024-06-27,5,2,2,2,24600.0,49200.0,31291.21,17908.79
4252,2024-06-27,9,3,4,4,11400.0,45600.0,27680.73,17919.27
4253,2024-06-27,9,4,1,3,8700.0,26100.0,20217.55,5882.45
4254,2024-06-27,13,1,1,4,17800.0,71200.0,44492.31,26707.69
4255,2024-06-27,11,2,1,2,12400.0,24800.0,20970.32,3829.68
4256,2024-06-27,9,1,1,1,15500.0,15500.0,11574.13,3925.87
4257,2024-06-28,5,1,3,3,26900.0,80700.0,47128.69,33571.31
4258,2024-06-28,19,2,1,2,4400.0,8800.0,6640.36,2159.64
4259,2024-06-28,1,2,3,2,18700.0,37400.0,28566.73,8833.27
4260,2024-06-28,9,6,2,2,10100.0,20200.0,15319.49,4880.51
4261,2024-06-28,9,1,1,1,13000.0,13000.0,9848.73,3151.27
4262,2024-06-28,1,2,2,3,26200.0,78600.0,59707.79,18892.21
4263,2024-06-28,5,9,1,5,20900.0,104500.0,82940.94,21559.06
4264,2024-06-28,4,1,1,2,34000.0,68000.0,39819.51,28180.49
4265,2024-06-29,9,4,1,2,8800.0,17600.0,12679.51,4920.49
4266,2024-06-29,12,4,1,2,14400.0,28800.0,19189.54,9610.46
4267,2024-06-29,7,2,2,4,15300.0,61200.0,40517.96,20682.04
4268,2024-06-29,7,1,6,3,14400.0,43200.0,30059.52,13140.48
4269,2024-06-29,13,1,4,2,14500.0,29000.0,18122.61,10877.39
4270,2024-06-29,14,4,1,2,19500.0,39000.0,24139.3,14860.7
4271,2024-06-30,16,4,4,2,4000.0,8000.0,6795.85,1204.15
4272,2024-06-30,3,6,1,5,35000.0,175000.0,133030.52,41969.48
4273,2024-06-30,7,4,6,5,11200.0,56000.0,37424.24,18575.76
4274,2024-06-30,4,1,3,2,20100.0,40200.0,24735.01,15464.99
4275,2024-06-30,8,2,1,1,10900.0,10900.0,7892.43,3007.57
4276,2024-07-01,2,1,1,2,27500.0,77000.0,55931.9,21068.1
4277,2024-07-01,16,8,3,1,4200.0,5880.0,4002.58,1877.42
4278,2024-07-02,10,7,1,3,15100.0,63420.0,48116.04,15303.96
4279,2024-07-02,1,1,1,4,29900.0,167440.0,129917.49,37522.51
4280,2024-07-02,5,1,5,5,29600.0,207200.0,155596.38,51603.62
4281,2024-07-02,19,9,1,5,3000.0,21000.0,15204.93,5795.07
4282,2024-07-03,19,2,4,2,3200.0,8960.0,7064.86,1895.14
4283,2024-07-03,1,1,1,2,25000.0,70000.0,53523.49,16476.51
4284,2024-07-03,5,10,2,3,34000.0,142800.0,116290.52,26509.48
4285,2024-07-03,8,1,4,2,12500.0,35000.0,29114.17,5885.83
4286,2024-07-03,9,4,6,5,14800.0,103600.0,61200.69,42399.31
4287,2024-07-04,5,1,4,2,26200.0,73360.0,50356.53,23003.47
4288,2024-07-04,18,1,4,5,4000.0,28000.0,18955.17,9044.83
4289,2024-07-04,20,8,4,2,4700.0,13160.0,11150.33,2009.67
4290,2024-07-04,4,1,4,5,33900.0,237300.0,200800.95,36499.05
4291,2024-07-04,3,9,5,3,31800.0,133560.0,99741.96,33818.04
4292,2024-07-04,3,1,1,1,19200.0,26880.0,18495.91,8384.09
4293,2024-07-04,16,6,2,3,5400.0,22680.0,17415.5,5264.5
4294,2024-07-05,2,5,4,4,19100.0,106960.0,74185.72,32774.28
4295,2024-07-05,17,6,4,5,4700.0,32900.0,25229.58,7670.42
4296,2024-07-05,6,6,5,2,15800.0,44240.0,32641.35,11598.65
4297,2024-07-05,9,4,4,3,8500.0,35700.0,25409.25,10290.75
4298,2024-07-05,20,8,5,3,5500.0,23100.0,14504.51,8595.49
4299,2024-07-05,19,7,1,3,4000.0,16800.0,11855.13,4944.87
4300,2024-07-05,8,4,2,1,15000.0,21000.0,12304.72,8695.28
4301,2024-07-05,2,8,4,2,24600.0,68880.0,43482.17,25397.83
4302,2024-07-05,20,1,2,3,4200.0,17640.0,14489.22,3150.78
4303,2024-07-05,20,2,1,4,4200.0,23520.0,18706.05,4813.95
4304,2024-07-06,8,1,1,5,9500.0,66500.0,56061.94,10438.06
4305,2024-07-06,15,4,1,2,16100.0,45080.0,34463.5,10616.5
4306,2024-07-06,10,5,3,5,15300.0,107100.0,90598.05,16501.95
4307,2024-07-06,17,4,4,1,3800.0,5320.0,3737.63,1582.37
4308,2024-07-06,16,10,3,2,3400.0,9520.0,6713.03,2806.97
4309,2024-07-06,19,4,1,3,3900.0,16380.0,9697.82,6682.18
4310,2024-07-06,5,9,2,1,25200.0,35280.0,22072.77,13207.23
4311,2024-07-06,18,1,1,3,2800.0,11760.0,7110.7,4649.3
4312,2024-07-06,14,10,1,5,17500.0,122500.0,84044.59,38455.41
4313,2024-07-07,11,2,1,1,20200.0,28280.0,18947.44,9332.56
4314,2024-07-07,13,4,1,3,19400.0,81480.0,59042.16,22437.84
4315,2024-07-07,15,1,4,2,20000.0,56000.0,33078.15,22921.85
4316,2024-07-07,10,1,1,3,11400.0,47880.0,38655.78,9224.22
4317,2024-07-07,20,9,1,3,4100.0,17220.0,12733.45,4486.55
4318,2024-07-07,3,4,4,4,34900.0,195440.0,162355.84,33084.16
4319,2024-07-07,13,2,4,5,13600.0,95200.0,73448.9,21751.1
4320,2024-07-08,13,9,2,2,12900.0,36120.0,24536.42,11583.58
4321,2024-07-08,8,10,1,3,8800.0,36960.0,29460.74,7499.26
4322,2024-07-08,5,6,5,3,18800.0,78960.0,67108.31,11851.69
4323,2024-07-09,20,4,4,4,4600.0,25760.0,19795.93,5964.07
4324,2024-07-09,15,1,1,2,10500.0,29400.0,20680.85,8719.15
4325,2024-07-09,18,10,1,5,5100.0,35700.0,22201.64,13498.36
4326,2024-07-09,10,4,5,5,9800.0,68600.0,52727.89,15872.11
4327,2024-07-10,18,2,2,4,3100.0,17360.0,11292.18,6067.82
4328,2024-07-11,15,1,1,3,15300.0,64260.0,43308.18,20951.82
4329,2024-07-11,18,6,1,1,4100.0,5740.0,3939.68,1800.32
4330,2024-07-11,17,6,4,1,4500.0,6300.0,4785.54,1514.46
4331,2024-07-11,14,5,4,5,14600.0,102200.0,80002.35,22197.65
4332,2024-07-11,18,1,5,3,4900.0,20580.0,14179.83,6400.17
4333,2024-07-12,1,4,4,4,20800.0,116480.0,90476.23,26003.77
4334,2024-07-12,12,1,1,2,11100.0,31080.0,24182.59,6897.41
4335,2024-07-12,20,7,4,3,4500.0,18900.0,12653.78,6246.22
4336,2024-07-12,10,2,1,3,11200.0,47040.0,36834.11,10205.89
4337,2024-07-12,17,1,1,3,4200.0,17640.0,10636.8,7003.2
4338,2024-07-12,8,2,4,4,14000.0,78400.0,63771.27,14628.73
4339,2024-07-12,12,1,1,1,18400.0,25760.0,16097.85,9662.15
4340,2024-07-12,14,8,5,1,15200.0,21280.0,13263.87,8016.13
4341,2024-07-13,13,1,1,1,20600.0,28840.0,21790.67,7049.33
4342,2024-07-13,12,6,1,5,17900.0,125300.0,84239.75,41060.25
4343,2024-07-13,8,9,1,3,8400.0,35280.0,21314.74,13965.26
4344,2024-07-13,3,2,1,3,25300.0,106260.0,76983.23,29276.77
4345,2024-07-13,17,2,6,4,5200.0,29120.0,21998.59,7121.41
4346,2024-07-13,16,9,4,1,5100.0,7140.0,4763.77,2376.23
4347,2024-07-14,12,9,1,1,19500.0,27300.0,16010.86,11289.14
4348,2024-07-14,7,4,1,5,11200.0,78400.0,50194.82,28205.18
4349,2024-07-14,10,4,1,2,8900.0,24920.0,19303.72,5616.28
4350,2024-07-14,20,5,3,4,3600.0,20160.0,17088.23,3071.77
4351,2024-07-15,10,2,4,5,13700.0,95900.0,70502.29,25397.71
4352,2024-07-15,20,5,4,4,5000.0,28000.0,18398.99,9601.01
4353,2024-07-15,11,1,2,2,12100.0,33880.0,24206.35,9673.65
4354,2024-07-15,11,5,1,4,17300.0,96880.0,80846.93,16033.07
4355,2024-07-15,5,4,4,3,34200.0,143640.0,93211.36,50428.64
4356,2024-07-15,7,3,4,2,14400.0,40320.0,28171.75,12148.25
4357,2024-07-15,18,6,2,1,3800.0,5320.0,4078.04,1241.96
4358,2024-07-15,16,4,4,4,3200.0,17920.0,12799.21,5120.79
4359,2024-07-16,5,6,1,5,23700.0,165900.0,129808.74,36091.26
4360,2024-07-16,13,1,1,4,14800.0,82880.0,64842.61,18037.39
4361,2024-07-16,18,2,5,2,4000.0,11200.0,6633.88,4566.12
4362,2024-07-16,20,2,2,1,3600.0,5040.0,3869.3,1170.7
4363,2024-07-16,4,2,4,1,22100.0,30940.0,19381.01,11558.99
4364,2024-07-17,4,2,3,1,31600.0,44240.0,36685.23,7554.77
4365,2024-07-17,20,2,1,5,4600.0,32200.0,19129.61,13070.39
4366,2024-07-17,2,9,4,1,18500.0,25900.0,16555.1,9344.9
4367,2024-07-17,16,8,4,1,5300.0,7420.0,5591.73,1828.27
4368,2024-07-17,17,9,1,4,3200.0,17920.0,10403.2,7516.8
4369,2024-07-17,14,8,1,5,14400.0,100800.0,83934.86,16865.14
4370,2024-07-17,18,1,6,3,2900.0,12180.0,7083.87,5096.13
4371,2024-07-17,9,2,1,4,13000.0,72800.0,49132.3,23667.7
4372,2024-07-17,7,6,1,5,10800.0,75600.0,56934.77,18665.23
4373,2024-07-17,19,2,4,4,3100.0,17360.0,10202.41,7157.59
4374,2024-07-18,4,4,4,3,23500.0,98700.0,74536.89,24163.11
4375,2024-07-18,18,2,4,4,3500.0,19600.0,13524.35,6075.65
4376,2024-07-18,10,4,4,5,8700.0,60900.0,49744.71,11155.29
4377,2024-07-18,17,9,4,4,5400.0,30240.0,23512.72,6727.28
4378,2024-07-18,12,1,5,2,10500.0,29400.0,21119.34,8280.66
4379,2024-07-18,13,1,1,2,13000.0,36400.0,24357.52,12042.48
4380,2024-07-18,11,3,1,5,18800.0,131600.0,89869.32,41730.68
4381,2024-07-18,19,2,5,4,3100.0,17360.0,10151.98,7208.02
4382,2024-07-19,11,1,4,2,14500.0,40600.0,23744.99,16855.01
4383,2024-07-19,10,1,1,2,15300.0,42840.0,29681.28,13158.72
4384,2024-07-19,1,6,1,3,27600.0,115920.0,71187.81,44732.19
4385,2024-07-20,17,1,1,2,3600.0,10080.0,7584.93,2495.07
4386,2024-07-20,12,10,1,4,18600.0,104160.0,80252.01,23907.99
4387,2024-07-20,20,2,1,5,4500.0,31500.0,19557.88,11942.12
4388,2024-07-21,1,2,1,5,28900.0,202300.0,141078.4,61221.6
4389,2024-07-21,6,4,1,5,12200.0,85400.0,56027.06,29372.94
4390,2024-07-22,15,1,1,1,10900.0,15260.0,12192.92,3067.08
4391,2024-07-22,8,9,1,5,13000.0,91000.0,57016.27,33983.73
4392,2024-07-22,10,9,5,2,15300.0,42840.0,28200.26,14639.74
4393,2024-07-22,4,5,1,5,32200.0,225400.0,177243.99,48156.01
4394,2024-07-22,6,4,5,1,15600.0,21840.0,13062.52,8777.48
4395,2024-07-22,15,1,1,4,15500.0,86800.0,58384.95,28415.05
4396,2024-07-22,14,4,2,4,14200.0,79520.0,52517.89,27002.11
4397,2024-07-22,9,4,1,5,12100.0,84700.0,52003.71,32696.29
4398,2024-07-22,13,9,4,3,12600.0,52920.0,36856.32,16063.68
4399,2024-07-23,9,1,1,5,11800.0,82600.0,50318.2,32281.8
4400,2024-07-23,4,10,5,1,34700.0,48580.0,30439.48,18140.52
4401,2024-07-24,9,2,4,5,9100.0,63700.0,38907.48,24792.52
4402,2024-07-24,7,1,1,5,13600.0,95200.0,67842.13,27357.87
4403,2024-07-24,7,2,2,5,15200.0,106400.0,83996.17,22403.83
4404,2024-07-24,1,9,1,1,31400.0,43960.0,28521.01,15438.99
4405,2024-07-24,7,4,1,2,13900.0,38920.0,30839.87,8080.13
4406,2024-07-25,13,4,1,1,11500.0,16100.0,12464.1,3635.9
4407,2024-07-25,3,2,2,2,23900.0,66920.0,56320.04,10599.96
4408,2024-07-25,4,6,5,2,18100.0,50680.0,41644.43,9035.57
4409,2024-07-25,2,2,4,5,28200.0,197400.0,131438.74,65961.26
4410,2024-07-26,7,9,1,3,9800.0,41160.0,29755.57,11404.43
4411,2024-07-26,3,3,1,5,17600.0,123200.0,90838.2,32361.8
4412,2024-07-26,12,6,4,4,15400.0,86240.0,58627.76,27612.24
4413,2024-07-26,16,1,2,2,5000.0,14000.0,10245.03,3754.97
4414,2024-07-26,18,1,1,4,5000.0,28000.0,22354.5,5645.5
4415,2024-07-26,15,2,1,5,10600.0,74200.0,49083.73,25116.27
4416,2024-07-26,11,4,4,5,17600.0,123200.0,75879.61,47320.39
4417,2024-07-26,2,1,5,2,34300.0,96040.0,77269.98,18770.02
4418,2024-07-26,10,1,1,1,14700.0,20580.0,15558.76,5021.24
4419,2024-07-27,9,1,1,5,8700.0,60900.0,51049.13,9850.87
4420,2024-07-27,14,9,4,4,13100.0,73360.0,55484.91,17875.09
4421,2024-07-27,10,6,1,4,14200.0,79520.0,48172.81,31347.19
4422,2024-07-27,9,4,1,1,8700.0,12180.0,8818.62,3361.38
4423,2024-07-27,1,4,1,5,22200.0,155400.0,129597.07,25802.93
4424,2024-07-27,4,1,4,4,19600.0,109760.0,64990.88,44769.12
4425,2024-07-27,13,2,1,1,15100.0,21140.0,14330.54,6809.46
4426,2024-07-27,1,2,5,5,18300.0,128100.0,91918.13,36181.87
4427,2024-07-27,5,5,5,1,21700.0,30380.0,23585.84,6794.16
4428,2024-07-27,16,1,1,5,4300.0,30100.0,20172.84,9927.16
4429,2024-07-27,16,9,4,4,4000.0,22400.0,15318.78,7081.22
4430,2024-07-28,14,2,1,2,13800.0,38640.0,22852.34,15787.66
4431,2024-07-28,5,4,4,3,32600.0,136920.0,88642.57,48277.43
4432,2024-07-28,10,2,2,4,15200.0,85120.0,52700.21,32419.79
4433,2024-07-28,20,1,1,3,4400.0,18480.0,15600.85,2879.15
4434,2024-07-28,20,1,4,3,3100.0,13020.0,9967.53,3052.47
4435,2024-07-28,17,1,4,2,4600.0,12880.0,10378.85,2501.15
4436,2024-07-29,14,1,4,2,16600.0,46480.0,35971.9,10508.1
4437,2024-07-29,3,2,1,5,29000.0,203000.0,127288.8,75711.2
4438,2024-07-29,1,4,4,1,25700.0,35980.0,29868.71,6111.29
4439,2024-07-30,3,1,2,3,34900.0,146580.0,104063.42,42516.58
4440,2024-07-30,10,6,1,4,16700.0,93520.0,61778.27,31741.73
4441,2024-07-30,10,1,1,4,9300.0,52080.0,41077.84,11002.16
4442,2024-07-30,17,9,2,3,2900.0,12180.0,9004.66,3175.34
4443,2024-07-30,7,3,5,5,13800.0,96600.0,65313.54,31286.46
4444,2024-07-31,18,8,1,4,4800.0,26880.0,16043.14,10836.86
4445,2024-07-31,6,3,4,1,14400.0,20160.0,11831.12,8328.88
4446,2024-07-31,17,1,1,3,5400.0,22680.0,17246.8,5433.2
4447,2024-07-31,15,5,1,1,11000.0,15400.0,10051.07,5348.93
4448,2024-07-31,12,1,4,4,15700.0,87920.0,66761.59,21158.41
4449,2024-07-31,10,9,4,4,9400.0,52640.0,38712.37,13927.63
4450,2024-07-31,3,1,3,3,26500.0,111300.0,69240.48,42059.52
4451,2024-07-31,9,6,1,3,12200.0,51240.0,37954.37,13285.63
4452,2024-07-31,12,2,2,1,19100.0,26740.0,21706.95,5033.05
4453,2024-07-31,6,2,4,4,9000.0,50400.0,41783.13,8616.87
4454,2024-07-31,16,6,4,5,4900.0,34300.0,25737.34,8562.66
4455,2024-07-31,11,4,4,5,12500.0,87500.0,63942.33,23557.67
4456,2024-07-31,18,1,1,1,3000.0,4200.0,3564.09,635.91
4457,2024-07-31,3,5,2,1,24200.0,33880.0,26389.38,7490.62
4458,2024-08-01,13,5,1,1,11900.0,11900.0,7268.52,4631.48
4459,2024-08-01,17,1,1,4,5000.0,20000.0,16716.75,3283.25
4460,2024-08-01,8,4,1,2,10300.0,20600.0,17408.85,3191.15
4461,2024-08-02,7,8,1,1,15900.0,15900.0,11913.49,3986.51
4462,2024-08-02,16,4,4,4,4900.0,19600.0,12045.01,7554.99
4463,2024-08-02,2,6,1,3,21400.0,64200.0,54443.3,9756.7
4464,2024-08-03,8,1,2,3,15500.0,46500.0,34724.2,11775.8
4465,2024-08-03,19,1,4,4,3800.0,15200.0,10866.78,4333.22
4466,2024-08-03,8,9,2,3,9700.0,29100.0,18507.97,10592.03
4467,2024-08-03,13,7,4,4,17400.0,69600.0,54887.38,14712.62
4468,2024-08-04,4,4,1,2,30800.0,61600.0,42141.16,19458.84
4469,2024-08-04,6,3,4,2,10900.0,21800.0,14007.46,7792.54
4470,2024-08-04,1,10,4,2,33900.0,67800.0,52208.61,15591.39
4471,2024-08-04,14,4,5,4,14800.0,59200.0,47061.7,12138.3
4472,2024-08-04,17,1,1,3,3500.0,10500.0,7692.66,2807.34
4473,2024-08-04,14,10,1,4,16400.0,65600.0,39474.06,26125.94
4474,2024-08-04,18,1,4,5,3600.0,18000.0,14317.58,3682.42
4475,2024-08-05,20,9,1,4,2900.0,11600.0,9212.89,2387.11
4476,2024-08-05,16,10,1,2,2800.0,5600.0,3330.12,2269.88
4477,2024-08-05,4,6,4,1,17500.0,17500.0,11695.08,5804.92
4478,2024-08-05,6,1,1,4,13600.0,54400.0,39180.4,15219.6
4479,2024-08-05,9,4,5,2,9700.0,19400.0,15866.65,3533.35
4480,2024-08-05,2,1,5,3,23200.0,69600.0,57566.47,12033.53
4481,2024-08-05,11,9,1,5,20000.0,100000.0,78703.1,21296.9
4482,2024-08-06,3,5,4,2,26900.0,53800.0,41063.44,12736.56
4483,2024-08-06,12,2,1,2,12300.0,24600.0,19132.03,5467.97
4484,2024-08-06,15,1,1,5,20500.0,102500.0,61423.32,41076.68
4485,2024-08-06,16,1,1,2,3300.0,6600.0,5445.55,1154.45
4486,2024-08-06,11,1,2,5,12900.0,64500.0,39769.81,24730.19
4487,2024-08-06,20,7,2,5,4800.0,24000.0,16728.34,7271.66
4488,2024-08-06,19,1,4,3,3200.0,9600.0,8018.2,1581.8
4489,2024-08-06,14,8,1,3,14700.0,44100.0,32523.73,11576.27
4490,2024-08-07,16,5,1,5,2900.0,14500.0,9673.27,4826.73
4491,2024-08-07,20,4,1,2,4000.0,8000.0,5669.85,2330.15
4492,2024-08-07,14,1,5,1,15100.0,15100.0,11401.22,3698.78
4493,2024-08-07,5,8,1,5,28500.0,142500.0,94558.28,47941.72
4494,2024-08-07,11,1,1,2,16400.0,32800.0,26518.86,6281.14
4495,2024-08-08,12,2,4,2,12300.0,24600.0,18129.94,6470.06
4496,2024-08-08,18,2,6,5,3200.0,16000.0,9853.8,6146.2
4497,2024-08-08,14,9,4,3,18300.0,54900.0,39677.53,15222.47
4498,2024-08-08,16,1,2,2,5500.0,11000.0,7722.97,3277.03
4499,2024-08-08,16,4,2,2,3100.0,6200.0,3968.87,2231.13
4500,2024-08-08,5,5,2,4,32000.0,128000.0,96371.67,31628.33
4501,2024-08-08,13,2,1,3,16900.0,50700.0,41716.5,8983.5
4502,2024-08-08,16,1,2,1,3700.0,3700.0,2542.14,1157.86
4503,2024-08-09,9,4,1,5,16000.0,80000.0,46608.12,33391.88
4504,2024-08-09,2,1,1,2,28700.0,57400.0,36340.85,21059.15
4505,2024-08-09,18,2,4,5,3800.0,19000.0,14492.86,4507.14
4506,2024-08-09,13,1,3,4,13600.0,54400.0,33528.71,20871.29
4507,2024-08-09,4,9,2,5,23700.0,118500.0,82633.04,35866.96
4508,2024-08-09,14,1,1,3,10900.0,32700.0,25555.41,7144.59
4509,2024-08-09,4,4,1,3,31100.0,93300.0,62248.29,31051.71
4510,2024-08-09,8,2,1,3,13100.0,39300.0,30272.94,9027.06
4511,2024-08-10,4,5,1,2,25800.0,51600.0,37059.75,14540.25
4512,2024-08-10,1,1,4,2,31100.0,62200.0,40050.53,22149.47
4513,2024-08-10,2,1,4,3,19000.0,57000.0,47791.25,9208.75
4514,2024-08-10,5,9,4,2,25700.0,51400.0,29821.78,21578.22
4515,2024-08-10,1,9,4,4,34700.0,138800.0,84162.29,54637.71
4516,2024-08-10,3,1,4,2,31500.0,63000.0,45197.6,17802.4
4517,2024-08-10,3,4,5,4,26400.0,105600.0,72929.12,32670.88
4518,2024-08-11,2,1,1,2,20800.0,41600.0,29003.91,12596.09
4519,2024-08-11,13,2,4,1,20500.0,20500.0,14307.25,6192.75
4520,2024-08-11,6,6,1,3,11600.0,34800.0,25297.92,9502.08
4521,2024-08-11,6,1,2,5,12700.0,63500.0,48733.24,14766.76
4522,2024-08-12,8,1,4,1,12700.0,12700.0,9894.8,2805.2
4523,2024-08-12,7,2,1,1,14500.0,14500.0,11582.82,2917.18
4524,2024-08-12,1,1,4,5,17900.0,89500.0,68589.73,20910.27
4525,2024-08-12,10,1,4,5,10900.0,54500.0,36684.6,17815.4
4526,2024-08-13,16,2,1,2,3400.0,6800.0,5074.9,1725.1
4527,2024-08-13,4,4,1,2,25800.0,51600.0,32693.08,18906.92
4528,2024-08-13,9,2,1,1,9300.0,9300.0,7133.23,2166.77
4529,2024-08-13,9,7,5,5,11200.0,56000.0,42947.77,13052.23
4530,2024-08-13,2,4,3,1,33600.0,33600.0,26674.65,6925.35
4531,2024-08-13,4,4,1,1,23200.0,23200.0,16150.8,7049.2
4532,2024-08-13,17,1,4,5,4000.0,20000.0,13606.55,6393.45
4533,2024-08-14,3,4,1,2,28600.0,57200.0,47837.84,9362.16
4534,2024-08-14,2,8,2,2,27600.0,55200.0,33781.63,21418.37
4535,2024-08-14,10,1,4,5,13300.0,66500.0,52894.56,13605.44
4536,2024-08-14,6,6,4,2,13900.0,27800.0,20813.08,6986.92
4537,2024-08-15,6,1,2,3,15500.0,46500.0,29369.14,17130.86
4538,2024-08-15,3,4,4,4,26100.0,104400.0,77067.99,27332.01
4539,2024-08-15,10,1,2,2,15700.0,31400.0,22711.12,8688.88
4540,2024-08-15,20,4,1,1,3100.0,3100.0,2226.71,873.29
4541,2024-08-15,14,1,1,3,14200.0,42600.0,27939.53,14660.47
4542,2024-08-15,3,9,4,2,28700.0,57400.0,44978.12,12421.88
4543,2024-08-16,1,2,1,5,21100.0,105500.0,78135.37,27364.63
4544,2024-08-16,10,1,1,2,14500.0,29000.0,20285.1,8714.9
4545,2024-08-16,6,2,1,5,16100.0,80500.0,65496.0,15004.0
4546,2024-08-16,12,10,2,2,13100.0,26200.0,21261.54,4938.46
4547,2024-08-16,16,4,4,2,3100.0,6200.0,4209.59,1990.41
4548,2024-08-16,3,1,5,3,31000.0,93000.0,69736.7,23263.3
4549,2024-08-17,7,2,2,4,15000.0,60000.0,48102.99,11897.01
4550,2024-08-17,13,2,1,5,18300.0,91500.0,62335.39,29164.61
4551,2024-08-17,13,2,4,4,17200.0,68800.0,55751.08,13048.92
4552,2024-08-17,12,9,4,2,11100.0,22200.0,17698.3,4501.7
4553,2024-08-17,6,7,2,4,13600.0,54400.0,46101.2,8298.8
4554,2024-08-17,3,9,1,1,25700.0,25700.0,16839.62,8860.38
4555,2024-08-18,17,1,1,2,4400.0,8800.0,5147.48,3652.52
4556,2024-08-18,5,2,5,2,27100.0,54200.0,38768.15,15431.85
4557,2024-08-18,2,5,2,1,22200.0,22200.0,13608.82,8591.18
4558,2024-08-18,16,6,3,5,5300.0,26500.0,19304.81,7195.19
4559,2024-08-18,3,6,1,1,23600.0,23600.0,19257.09,4342.91
4560,2024-08-19,11,2,1,1,19400.0,19400.0,14865.86,4534.14
4561,2024-08-19,12,9,2,2,16000.0,32000.0,18734.42,13265.58
4562,2024-08-19,11,9,4,1,10800.0,10800.0,8256.88,2543.12
4563,2024-08-19,18,4,1,5,5400.0,27000.0,21585.06,5414.94
4564,2024-08-19,7,9,1,5,11400.0,57000.0,44734.18,12265.82
4565,2024-08-19,14,1,1,5,13800.0,69000.0,42028.99,26971.01
4566,2024-08-19,19,10,2,2,5300.0,10600.0,7376.84,3223.16
4567,2024-08-20,18,4,1,2,4900.0,9800.0,7408.11,2391.89
4568,2024-08-20,9,2,3,1,9300.0,9300.0,5821.37,3478.63
4569,2024-08-20,7,10,4,2,11400.0,22800.0,13541.68,9258.32
4570,2024-08-20,5,8,5,4,32800.0,131200.0,76540.48,54659.52
4571,2024-08-20,18,1,1,3,3300.0,9900.0,8218.05,1681.95
4572,2024-08-21,13,6,1,3,11600.0,34800.0,22401.4,12398.6
4573,2024-08-21,8,9,4,2,14600.0,29200.0,18897.24,10302.76
4574,2024-08-21,10,10,1,1,9000.0,9000.0,6737.26,2262.74
4575,2024-08-21,1,9,2,5,21300.0,106500.0,61954.83,44545.17
4576,2024-08-21,3,6,6,5,22200.0,111000.0,93296.81,17703.19
4577,2024-08-22,1,2,2,3,23800.0,71400.0,56625.57,14774.43
4578,2024-08-22,19,8,2,2,5000.0,10000.0,7484.06,2515.94
4579,2024-08-22,12,1,1,5,19400.0,97000.0,69433.45,27566.55
4580,2024-08-22,6,2,1,3,8500.0,25500.0,21410.1,4089.9
4581,2024-08-22,17,1,3,2,4600.0,9200.0,5360.49,3839.51
4582,2024-08-22,5,1,1,2,19900.0,39800.0,24435.35,15364.65
4583,2024-08-23,2,2,1,4,30200.0,120800.0,92195.29,28604.71
4584,2024-08-23,11,7,3,5,15700.0,78500.0,54333.53,24166.47
4585,2024-08-23,12,5,4,2,12300.0,24600.0,16828.31,7771.69
4586,2024-08-23,16,10,1,3,5000.0,15000.0,10299.92,4700.08
4587,2024-08-23,20,1,4,5,3700.0,18500.0,13702.34,4797.66
4588,2024-08-23,1,5,1,5,18000.0,90000.0,70530.86,19469.14
4589,2024-08-23,5,2,4,2,24500.0,49000.0,33915.55,15084.45
4590,2024-08-24,6,2,1,2,13600.0,27200.0,20071.39,7128.61
4591,2024-08-25,1,5,1,1,19300.0,19300.0,12982.64,6317.36
4592,2024-08-25,5,1,4,5,27200.0,136000.0,105251.6,30748.4
4593,2024-08-25,5,1,3,5,22600.0,113000.0,67494.22,45505.78
4594,2024-08-25,20,5,1,2,5100.0,10200.0,6084.61,4115.39
4595,2024-08-25,1,4,2,1,30400.0,30400.0,17854.49,12545.51
4596,2024-08-25,8,8,4,1,10900.0,10900.0,6799.03,4100.97
4597,2024-08-25,18,2,1,1,4400.0,4400.0,3351.59,1048.41
4598,2024-08-25,9,3,4,2,15000.0,30000.0,20892.53,9107.47
4599,2024-08-25,14,1,4,1,18300.0,18300.0,10844.45,7455.55
4600,2024-08-26,3,9,2,3,24100.0,72300.0,46814.09,25485.91
4601,2024-08-26,14,1,2,4,17600.0,70400.0,50212.62,20187.38
4602,2024-08-26,9,2,1,3,16800.0,50400.0,40691.77,9708.23
4603,2024-08-26,10,10,4,3,14700.0,44100.0,27707.95,16392.05
4604,2024-08-26,12,9,1,1,17300.0,17300.0,13392.88,3907.12
4605,2024-08-26,16,1,1,1,5500.0,5500.0,3958.99,1541.01
4606,2024-08-26,1,2,3,4,23100.0,92400.0,65156.22,27243.78
4607,2024-08-26,5,5,2,5,27800.0,139000.0,87126.79,51873.21
4608,2024-08-26,5,1,4,3,30300.0,90900.0,65819.13,25080.87
4609,2024-08-27,15,10,1,3,14600.0,43800.0,36553.77,7246.23
4610,2024-08-27,1,6,1,1,24900.0,24900.0,16153.53,8746.47
4611,2024-08-27,5,1,4,2,27600.0,55200.0,35905.27,19294.73
4612,2024-08-27,17,1,3,5,5200.0,26000.0,15880.31,10119.69
4613,2024-08-27,13,10,4,1,18000.0,18000.0,14327.48,3672.52
4614,2024-08-27,2,2,2,3,19900.0,59700.0,48752.29,10947.71
4615,2024-08-28,14,9,1,5,20000.0,100000.0,59920.93,40079.07
4616,2024-08-28,15,2,2,4,14200.0,56800.0,37341.57,19458.43
4617,2024-08-28,6,4,1,3,14200.0,42600.0,32378.63,10221.37
4618,2024-08-28,11,6,1,1,13500.0,13500.0,8200.57,5299.43
4619,2024-08-28,2,2,4,4,31500.0,126000.0,98685.4,27314.6
4620,2024-08-29,9,8,2,3,15400.0,46200.0,32258.46,13941.54
4621,2024-08-29,9,3,3,5,16200.0,81000.0,48098.1,32901.9
4622,2024-08-29,16,9,4,2,4300.0,8600.0,5741.91,2858.09
4623,2024-08-30,7,6,4,2,14800.0,29600.0,19994.45,9605.55
4624,2024-08-30,5,6,4,5,33400.0,167000.0,111405.23,55594.77
4625,2024-08-30,17,4,4,3,5000.0,15000.0,12352.29,2647.71
4626,2024-08-30,17,4,1,2,2900.0,5800.0,4378.81,1421.19
4627,2024-08-31,5,1,2,1,25400.0,25400.0,15386.23,10013.77
4628,2024-08-31,5,1,1,4,21300.0,85200.0,52408.76,32791.24
4629,2024-08-31,19,9,1,3,4300.0,12900.0,10588.82,2311.18
4630,2024-08-31,4,6,1,3,25500.0,76500.0,64316.83,12183.17
4631,2024-09-01,20,3,1,1,5500.0,5500.0,3651.93,1848.07
4632,2024-09-01,14,1,1,3,17500.0,52500.0,32687.97,19812.03
4633,2024-09-01,5,3,1,3,35000.0,105000.0,79765.05,25234.95
4634,2024-09-01,3,1,1,4,34600.0,138400.0,90165.13,48234.87
4635,2024-09-01,7,9,1,3,11700.0,35100.0,27000.46,8099.54
4636,2024-09-01,20,3,1,3,5300.0,15900.0,12872.41,3027.59
4637,2024-09-01,2,8,4,1,28000.0,28000.0,22307.29,5692.71
4638,2024-09-02,4,1,4,3,33400.0,100200.0,67842.3,32357.7
4639,2024-09-02,10,8,4,4,9600.0,38400.0,27365.94,11034.06
4640,2024-09-03,4,1,2,3,31200.0,93600.0,75062.93,18537.07
4641,2024-09-03,16,1,6,3,4100.0,12300.0,9185.42,3114.58
4642,2024-09-03,10,2,4,5,15100.0,75500.0,60654.59,14845.41
4643,2024-09-03,18,10,3,4,5100.0,20400.0,16934.8,3465.2
4644,2024-09-03,10,4,1,4,12000.0,48000.0,36439.7,11560.3
4645,2024-09-03,19,10,2,1,4200.0,4200.0,2764.46,1435.54
4646,2024-09-03,10,3,3,5,11900.0,59500.0,48642.17,10857.83
4647,2024-09-03,17,7,2,4,4300.0,17200.0,12987.49,4212.51
4648,2024-09-03,3,8,1,4,31500.0,126000.0,82662.67,43337.33
4649,2024-09-03,6,4,4,2,13600.0,27200.0,21730.12,5469.88
4650,2024-09-03,3,1,1,5,24300.0,121500.0,91730.08,29769.92
4651,2024-09-04,4,1,1,3,28400.0,85200.0,62712.84,22487.16
4652,2024-09-04,20,3,4,1,3600.0,3600.0,2591.75,1008.25
4653,2024-09-04,11,2,2,1,15000.0,15000.0,10044.83,4955.17
4654,2024-09-04,2,4,4,2,28900.0,57800.0,44131.27,13668.73
4655,2024-09-04,5,1,4,4,26800.0,107200.0,87079.93,20120.07
4656,2024-09-04,12,5,6,4,17000.0,68000.0,40923.05,27076.95
4657,2024-09-04,1,1,4,3,21300.0,63900.0,43955.01,19944.99
4658,2024-09-04,20,2,2,3,3500.0,10500.0,8044.07,2455.93
4659,2024-09-04,12,9,5,5,19600.0,98000.0,70954.32,27045.68
4660,2024-09-04,9,2,1,1,12200.0,12200.0,7342.83,4857.17
4661,2024-09-04,1,1,2,3,26100.0,78300.0,61990.75,16309.25
4662,2024-09-04,9,5,4,1,9000.0,9000.0,7351.91,1648.09
4663,2024-09-05,19,7,1,3,3600.0,10800.0,7219.55,3580.45
4664,2024-09-05,15,9,4,5,18700.0,93500.0,63359.28,30140.72
4665,2024-09-05,6,8,2,2,11300.0,22600.0,17819.25,4780.75
4666,2024-09-05,20,1,2,5,4700.0,23500.0,17108.05,6391.95
4667,2024-09-05,6,1,1,5,12700.0,63500.0,41675.19,21824.81
4668,2024-09-06,1,2,4,1,30200.0,30200.0,25095.54,5104.46
4669,2024-09-06,19,1,1,3,5200.0,15600.0,10295.61,5304.39
4670,2024-09-06,5,9,4,3,18800.0,56400.0,38063.36,18336.64
4671,2024-09-06,1,3,1,5,24500.0,122500.0,78286.74,44213.26
4672,2024-09-06,19,1,4,1,3400.0,3400.0,2748.95,651.05
4673,2024-09-07,15,6,2,1,17800.0,17800.0,13625.64,4174.36
4674,2024-09-07,17,9,1,5,5400.0,27000.0,18942.55,8057.45
4675,2024-09-07,7,4,1,3,15900.0,47700.0,35419.55,12280.45
4676,2024-09-07,6,5,4,5,15300.0,76500.0,57513.9,18986.1
4677,2024-09-07,6,1,1,4,11800.0,47200.0,28724.61,18475.39
4678,2024-09-07,15,10,4,4,13900.0,55600.0,35441.5,20158.5
4679,2024-09-07,1,1,4,2,25400.0,50800.0,40652.47,10147.53
4680,2024-09-08,12,2,1,3,15100.0,45300.0,34582.37,10717.63
4681,2024-09-08,17,1,4,5,4000.0,20000.0,15921.48,4078.52
4682,2024-09-08,9,1,1,3,8900.0,26700.0,19085.93,7614.07
4683,2024-09-08,14,1,4,4,14500.0,58000.0,43200.82,14799.18
4684,2024-09-09,11,1,4,2,18700.0,37400.0,27537.96,9862.04
4685,2024-09-09,17,3,4,1,3500.0,3500.0,2165.5,1334.5
4686,2024-09-09,1,1,2,1,17600.0,17600.0,12912.7,4687.3
4687,2024-09-09,8,10,1,1,10600.0,10600.0,7188.84,3411.16
4688,2024-09-09,1,8,1,4,31300.0,125200.0,95624.98,29575.02
4689,2024-09-10,11,4,1,4,19000.0,76000.0,63789.94,12210.06
4690,2024-09-10,3,2,2,1,25000.0,25000.0,19764.81,5235.19
4691,2024-09-11,12,4,1,5,11500.0,57500.0,34739.8,22760.2
4692,2024-09-11,12,2,4,4,11600.0,46400.0,30066.2,16333.8
4693,2024-09-11,6,1,2,5,15200.0,76000.0,59945.22,16054.78
4694,2024-09-11,16,10,3,4,4000.0,16000.0,13116.97,2883.03
4695,2024-09-11,12,2,3,2,11800.0,23600.0,16960.49,6639.51
4696,2024-09-11,8,9,6,4,10500.0,42000.0,31024.33,10975.67
4697,2024-09-11,5,1,1,4,24300.0,97200.0,57454.34,39745.66
4698,2024-09-11,12,6,4,4,14000.0,56000.0,43865.77,12134.23
4699,2024-09-11,18,3,4,2,4600.0,9200.0,7148.91,2051.09
4700,2024-09-11,15,2,6,2,19200.0,38400.0,24229.76,14170.24
4701,2024-09-11,8,1,4,2,15800.0,31600.0,18701.79,12898.21
4702,2024-09-11,2,2,4,3,31000.0,93000.0,59379.64,33620.36
4703,2024-09-11,20,5,1,3,4100.0,12300.0,7736.92,4563.08
4704,2024-09-11,4,4,4,2,22000.0,44000.0,28629.1,15370.9
4705,2024-09-12,8,4,4,1,13600.0,13600.0,9983.92,3616.08
4706,2024-09-12,17,4,4,1,4500.0,4500.0,3227.3,1272.7
4707,2024-09-12,19,7,1,5,3100.0,15500.0,10205.33,5294.67
4708,2024-09-12,20,6,1,2,5400.0,10800.0,8177.41,2622.59
4709,2024-09-12,7,2,4,4,13100.0,52400.0,35921.16,16478.84
4710,2024-09-12,2,1,4,2,33800.0,67600.0,50587.43,17012.57
4711,2024-09-13,20,5,1,3,3900.0,11700.0,7614.68,4085.32
4712,2024-09-13,18,5,1,2,2900.0,5800.0,3972.62,1827.38
4713,2024-09-13,14,2,1,2,13200.0,26400.0,16755.01,9644.99
4714,2024-09-13,17,3,4,5,4000.0,20000.0,16231.75,3768.25
4715,2024-09-13,16,2,1,2,4700.0,9400.0,5871.69,3528.31
4716,2024-09-14,5,1,4,2,33900.0,67800.0,46517.3,21282.7
4717,2024-09-14,9,1,5,1,8400.0,8400.0,5240.54,3159.46
4718,2024-09-14,12,9,2,2,14200.0,28400.0,23682.36,4717.64
4719,2024-09-14,3,4,4,2,28200.0,56400.0,41577.57,14822.43
4720,2024-09-15,4,6,6,2,34400.0,68800.0,55193.02,13606.98
4721,2024-09-15,8,2,1,5,8800.0,44000.0,34464.91,9535.09
4722,2024-09-15,6,2,5,5,8600.0,43000.0,35340.61,7659.39
4723,2024-09-15,16,1,4,4,4400.0,17600.0,13486.49,4113.51
4724,2024-09-15,15,5,6,1,19600.0,19600.0,11975.25,7624.75
4725,2024-09-15,17,6,1,1,3300.0,3300.0,2121.41,1178.59
4726,2024-09-15,3,1,4,5,29400.0,147000.0,116470.53,30529.47
4727,2024-09-15,4,7,1,4,27100.0,108400.0,71713.79,36686.21
4728,2024-09-15,18,4,1,2,5400.0,10800.0,7514.99,3285.01
4729,2024-09-15,4,6,6,1,20700.0,20700.0,16974.88,3725.12
4730,2024-09-15,11,9,1,2,16000.0,32000.0,26508.53,5491.47
4731,2024-09-15,5,5,1,2,28500.0,57000.0,46563.41,10436.59
4732,2024-09-16,19,1,4,3,4100.0,12300.0,7456.53,4843.47
4733,2024-09-16,4,10,4,1,23900.0,23900.0,16218.73,7681.27
4734,2024-09-16,17,1,1,5,3200.0,16000.0,9408.93,6591.07
4735,2024-09-16,1,2,2,4,19500.0,78000.0,56399.09,21600.91
4736,2024-09-17,8,3,1,4,11300.0,45200.0,32135.02,13064.98
4737,2024-09-17,4,8,4,4,32100.0,128400.0,99296.16,29103.84
4738,2024-09-17,3,1,4,5,23500.0,117500.0,74356.8,43143.2
4739,2024-09-17,1,3,3,3,21600.0,64800.0,45829.72,18970.28
4740,2024-09-17,11,2,4,2,13500.0,27000.0,22213.93,4786.07
4741,2024-09-18,13,1,6,2,17500.0,35000.0,22474.91,12525.09
4742,2024-09-18,13,2,1,4,14700.0,58800.0,43590.23,15209.77
4743,2024-09-18,18,4,1,5,4100.0,20500.0,13653.32,6846.68
4744,2024-09-18,20,3,1,2,3000.0,6000.0,3630.67,2369.33
4745,2024-09-18,2,2,2,2,23600.0,47200.0,39441.77,7758.23
4746,2024-09-18,1,1,4,4,29000.0,116000.0,78999.38,37000.62
4747,2024-09-18,14,10,1,2,18600.0,37200.0,27223.74,9976.26
4748,2024-09-19,15,1,1,2,20100.0,40200.0,30558.44,9641.56
4749,2024-09-19,15,3,1,4,19100.0,76400.0,50127.36,26272.64
4750,2024-09-19,12,3,4,5,20200.0,101000.0,81589.23,19410.77
4751,2024-09-19,1,4,1,5,27600.0,138000.0,80246.14,57753.86
4752,2024-09-19,12,6,1,2,18100.0,36200.0,28144.5,8055.5
4753,2024-09-20,9,1,3,4,11400.0,45600.0,30169.91,15430.09
4754,2024-09-20,6,1,2,1,10100.0,10100.0,6889.41,3210.59
4755,2024-09-20,9,4,1,4,9900.0,39600.0,26867.6,12732.4
4756,2024-09-20,1,2,2,1,25300.0,25300.0,20447.52,4852.48
4757,2024-09-20,4,1,2,2,31600.0,63200.0,43918.29,19281.71
4758,2024-09-20,16,2,3,5,4900.0,24500.0,20231.51,4268.49
4759,2024-09-20,3,4,1,2,27500.0,55000.0,36778.74,18221.26
4760,2024-09-20,20,4,1,5,4700.0,23500.0,16757.19,6742.81
4761,2024-09-21,5,9,1,4,18400.0,73600.0,47181.85,26418.15
4762,2024-09-21,12,7,1,5,20400.0,102000.0,66061.82,35938.18
4763,2024-09-21,14,9,4,3,12400.0,37200.0,24232.48,12967.52
4764,2024-09-22,6,4,4,4,10900.0,43600.0,33605.99,9994.01
4765,2024-09-22,20,9,5,1,4600.0,4600.0,3577.22,1022.78
4766,2024-09-22,3,4,1,3,33800.0,101400.0,69800.29,31599.71
4767,2024-09-22,11,9,5,5,20000.0,100000.0,69542.42,30457.58
4768,2024-09-22,4,4,1,3,26700.0,80100.0,48333.46,31766.54
4769,2024-09-22,3,4,1,1,18800.0,18800.0,15264.36,3535.64
4770,2024-09-22,20,10,2,3,3400.0,10200.0,8237.28,1962.72
4771,2024-09-22,13,2,4,4,17900.0,71600.0,57217.83,14382.17
4772,2024-09-22,9,1,1,5,16200.0,81000.0,59810.33,21189.67
4773,2024-09-22,9,4,2,5,11700.0,58500.0,41526.31,16973.69
4774,2024-09-22,6,5,1,4,13300.0,53200.0,35852.05,17347.95
4775,2024-09-23,8,1,1,1,13200.0,13200.0,8429.87,4770.13
4776,2024-09-23,6,9,1,5,10700.0,53500.0,38930.31,14569.69
4777,2024-09-24,1,1,1,3,24100.0,72300.0,47130.52,25169.48
4778,2024-09-24,5,1,1,5,28600.0,143000.0,106598.47,36401.53
4779,2024-09-24,19,5,5,1,5300.0,5300.0,4411.83,888.17
4780,2024-09-25,14,1,4,3,20700.0,62100.0,38849.98,23250.02
4781,2024-09-25,17,4,2,1,5300.0,5300.0,3277.11,2022.89
4782,2024-09-25,20,5,1,4,3900.0,15600.0,12783.64,2816.36
4783,2024-09-26,3,7,1,1,31000.0,31000.0,20228.28,10771.72
4784,2024-09-26,2,1,4,5,33900.0,169500.0,103418.96,66081.04
4785,2024-09-26,19,1,5,1,5500.0,5500.0,4598.48,901.52
4786,2024-09-26,16,1,1,2,5300.0,10600.0,7473.22,3126.78
4787,2024-09-27,19,2,4,3,5000.0,15000.0,12421.96,2578.04
4788,2024-09-27,13,2,1,3,11700.0,35100.0,21391.91,13708.09
4789,2024-09-27,20,8,1,2,3900.0,7800.0,5875.56,1924.44
4790,2024-09-27,20,1,1,1,4600.0,4600.0,3793.87,806.13
4791,2024-09-27,8,4,2,3,13500.0,40500.0,28187.27,12312.73
4792,2024-09-27,7,9,4,2,13200.0,26400.0,18444.76,7955.24
4793,2024-09-27,12,1,2,5,20800.0,104000.0,80035.92,23964.08
4794,2024-09-28,2,2,1,3,31300.0,93900.0,56529.7,37370.3
4795,2024-09-28,14,10,2,3,16700.0,50100.0,34658.62,15441.38
4796,2024-09-28,13,2,4,5,19200.0,96000.0,64427.59,31572.41
4797,2024-09-28,19,1,2,4,3900.0,15600.0,11839.77,3760.23
4798,2024-09-28,17,9,1,3,4700.0,14100.0,10130.6,3969.4
4799,2024-09-28,19,2,2,3,4800.0,14400.0,9105.0,5295.0
4800,2024-09-28,13,10,1,3,12800.0,38400.0,25621.98,12778.02
4801,2024-09-29,20,1,5,1,3600.0,3600.0,2570.64,1029.36
4802,2024-09-29,8,8,2,4,10600.0,42400.0,30229.28,12170.72
4803,2024-09-29,13,9,4,4,16700.0,66800.0,43474.98,23325.02
4804,2024-09-29,5,1,1,4,22800.0,91200.0,64836.0,26364.0
4805,2024-09-29,6,5,1,3,14200.0,42600.0,34509.96,8090.04
4806,2024-09-30,17,1,1,5,3500.0,17500.0,12447.2,5052.8
4807,2024-09-30,8,1,4,5,14200.0,71000.0,59882.87,11117.13
4808,2024-09-30,6,4,2,1,11400.0,11400.0,7717.02,3682.98
4809,2024-09-30,4,2,1,1,24100.0,24100.0,14654.58,9445.42
4810,2024-09-30,14,6,1,2,17300.0,34600.0,20363.24,14236.76
4811,2024-09-30,13,10,4,3,14900.0,44700.0,31788.28,12911.72
4812,2024-10-01,5,8,1,2,21000.0,42000.0,28344.14,13655.86
4813,2024-10-01,7,4,1,3,12600.0,37800.0,30714.02,7085.98
4814,2024-10-01,17,2,4,3,5600.0,16800.0,12681.26,4118.74
4815,2024-10-01,14,2,1,3,14700.0,44100.0,35327.24,8772.76
4816,2024-10-01,1,2,1,1,34300.0,34300.0,25870.75,8429.25
4817,2024-10-01,18,1,1,2,5500.0,11000.0,6977.58,4022.42
4818,2024-10-01,8,9,4,3,15000.0,45000.0,27864.6,17135.4
4819,2024-10-01,12,1,2,5,20600.0,103000.0,82194.0,20806.0
4820,2024-10-01,7,1,1,4,9300.0,37200.0,30746.15,6453.85
4821,2024-10-02,6,3,2,1,10200.0,10200.0,7314.81,2885.19
4822,2024-10-02,3,4,2,4,29900.0,119600.0,87405.14,32194.86
4823,2024-10-02,1,2,1,4,28500.0,114000.0,66166.62,47833.38
4824,2024-10-02,17,10,2,1,5100.0,5100.0,3527.3,1572.7
4825,2024-10-02,1,1,1,1,29000.0,29000.0,21701.94,7298.06
4826,2024-10-02,4,1,4,4,33500.0,134000.0,94557.64,39442.36
4827,2024-10-02,18,1,1,1,3400.0,3400.0,2883.73,516.27
4828,2024-10-02,3,9,4,4,18500.0,74000.0,51621.46,22378.54
4829,2024-10-03,16,1,4,3,5100.0,15300.0,11441.72,3858.28
4830,2024-10-03,10,8,1,4,8900.0,35600.0,26299.57,9300.43
4831,2024-10-03,12,1,1,3,14800.0,44400.0,28082.57,16317.43
4832,2024-10-03,15,9,1,2,10500.0,21000.0,17755.79,3244.21
4833,2024-10-03,15,6,2,1,11700.0,11700.0,7532.14,4167.86
4834,2024-10-03,2,9,2,5,20000.0,100000.0,65170.33,34829.67
4835,2024-10-03,14,9,4,3,12500.0,37500.0,28151.45,9348.55
4836,2024-10-04,11,10,1,5,18500.0,92500.0,63872.91,28627.09
4837,2024-10-04,5,2,4,2,21800.0,43600.0,31657.1,11942.9
4838,2024-10-04,12,2,4,4,17900.0,71600.0,45776.31,25823.69
4839,2024-10-04,19,2,1,2,5200.0,10400.0,6553.01,3846.99
4840,2024-10-04,8,2,1,4,9300.0,37200.0,24595.83,12604.17
4841,2024-10-04,2,1,1,3,24000.0,72000.0,51116.54,20883.46
4842,2024-10-04,2,9,1,1,19400.0,19400.0,14254.03,5145.97
4843,2024-10-04,3,4,1,4,34100.0,136400.0,115459.58,20940.42
4844,2024-10-05,20,2,1,3,3400.0,10200.0,8582.88,1617.12
4845,2024-10-05,13,1,4,4,18200.0,72800.0,45907.07,26892.93
4846,2024-10-05,18,2,4,3,3700.0,11100.0,7092.63,4007.37
4847,2024-10-05,10,9,3,5,15500.0,77500.0,50942.17,26557.83
4848,2024-10-05,7,6,2,4,16200.0,64800.0,41174.09,23625.91
4849,2024-10-05,18,10,1,3,4800.0,14400.0,10443.8,3956.2
4850,2024-10-06,14,4,1,5,11400.0,57000.0,38574.09,18425.91
4851,2024-10-06,14,6,1,1,20900.0,20900.0,13336.69,7563.31
4852,2024-10-07,16,1,2,2,4400.0,8800.0,6928.43,1871.57
4853,2024-10-07,2,8,6,5,22600.0,113000.0,73079.1,39920.9
4854,2024-10-07,4,1,4,2,29600.0,59200.0,48984.67,10215.33
4855,2024-10-07,14,9,4,1,11800.0,11800.0,7960.93,3839.07
4856,2024-10-08,6,1,1,3,13200.0,39600.0,28970.83,10629.17
4857,2024-10-08,13,1,3,4,10800.0,43200.0,34159.42,9040.58
4858,2024-10-08,20,1,3,3,3700.0,11100.0,6439.49,4660.51
4859,2024-10-09,10,2,1,5,13000.0,65000.0,41228.38,23771.62
4860,2024-10-09,11,5,4,4,17700.0,70800.0,54879.28,15920.72
4861,2024-10-09,11,1,1,3,11300.0,33900.0,25116.98,8783.02
4862,2024-10-09,18,9,5,4,5000.0,20000.0,15225.42,4774.58
4863,2024-10-09,19,9,5,5,4400.0,22000.0,14000.38,7999.62
4864,2024-10-09,9,1,5,1,11600.0,11600.0,8693.25,2906.75
4865,2024-10-09,10,2,4,1,13000.0,13000.0,7908.29,5091.71
4866,2024-10-09,10,1,5,1,15000.0,15000.0,12008.8,2991.2
4867,2024-10-10,10,1,4,3,14800.0,44400.0,31029.61,13370.39
4868,2024-10-10,19,10,1,1,3900.0,3900.0,2675.81,1224.19
4869,2024-10-10,1,1,2,1,19100.0,19100.0,13283.48,5816.52
4870,2024-10-11,17,2,1,5,4500.0,22500.0,15881.46,6618.54
4871,2024-10-11,13,6,1,3,12500.0,37500.0,25577.81,11922.19
4872,2024-10-11,2,1,6,2,18500.0,37000.0,21479.42,15520.58
4873,2024-10-11,1,2,1,2,28800.0,57600.0,45597.13,12002.87
4874,2024-10-11,17,4,1,5,3100.0,15500.0,11385.99,4114.01
4875,2024-10-11,17,1,1,3,4000.0,12000.0,7377.47,4622.53
4876,2024-10-11,9,1,2,3,11800.0,35400.0,23929.52,11470.48
4877,2024-10-11,4,7,1,1,19800.0,19800.0,12983.23,6816.77
4878,2024-10-11,19,2,2,1,4100.0,4100.0,3179.03,920.97
4879,2024-10-12,14,6,2,1,18600.0,18600.0,14354.93,4245.07
4880,2024-10-12,4,2,2,3,24900.0,74700.0,51057.57,23642.43
4881,2024-10-12,17,6,1,4,4000.0,16000.0,10903.9,5096.1
4882,2024-10-12,19,2,4,4,3500.0,14000.0,10971.46,3028.54
4883,2024-10-12,17,3,3,4,3000.0,12000.0,9970.79,2029.21
4884,2024-10-12,8,4,1,2,14000.0,28000.0,17965.63,10034.37
4885,2024-10-12,2,9,3,3,33800.0,101400.0,73732.88,27667.12
4886,2024-10-12,10,1,5,2,8600.0,17200.0,10469.88,6730.12
4887,2024-10-12,14,2,4,5,10700.0,53500.0,31553.99,21946.01
4888,2024-10-12,11,6,5,2,16500.0,33000.0,25183.91,7816.09
4889,2024-10-12,4,2,1,2,33400.0,66800.0,55536.04,11263.96
4890,2024-10-13,19,4,5,1,2900.0,2900.0,2343.2,556.8
4891,2024-10-13,13,2,4,2,10800.0,21600.0,12844.28,8755.72
4892,2024-10-13,12,5,4,1,14200.0,14200.0,8875.9,5324.1
4893,2024-10-13,20,4,1,1,3500.0,3500.0,2825.31,674.69
4894,2024-10-13,8,7,4,4,14500.0,58000.0,37193.5,20806.5
4895,2024-10-13,3,1,4,2,32600.0,65200.0,46340.03,18859.97
4896,2024-10-13,5,1,4,1,21900.0,21900.0,13491.01,8408.99
4897,2024-10-13,16,6,5,4,3700.0,14800.0,11383.62,3416.38
4898,2024-10-14,18,8,1,1,2800.0,2800.0,2216.57,583.43
4899,2024-10-14,11,10,5,1,16500.0,16500.0,12070.96,4429.04
4900,2024-10-14,4,2,4,2,21600.0,43200.0,32686.18,10513.82
4901,2024-10-14,6,5,1,4,13900.0,55600.0,38619.63,16980.37
4902,2024-10-15,19,2,2,1,2900.0,2900.0,2287.65,612.35
4903,2024-10-15,18,1,2,1,3800.0,3800.0,2511.97,1288.03
4904,2024-10-15,20,2,1,3,4600.0,13800.0,11589.39,2210.61
4905,2024-10-15,7,6,2,2,9200.0,18400.0,11259.7,7140.3
4906,2024-10-16,4,8,1,2,30400.0,60800.0,41983.25,18816.75
4907,2024-10-16,16,2,4,5,5300.0,26500.0,17767.2,8732.8
4908,2024-10-16,7,6,4,5,10700.0,53500.0,34102.18,19397.82
4909,2024-10-16,1,10,1,2,21200.0,42400.0,34211.9,8188.1
4910,2024-10-16,19,4,4,1,3400.0,3400.0,2353.35,1046.65
4911,2024-10-16,12,7,1,2,16000.0,32000.0,26326.07,5673.93
4912,2024-10-17,6,1,5,4,14200.0,56800.0,35858.03,20941.97
4913,2024-10-17,2,1,5,2,31200.0,62400.0,51672.4,10727.6
4914,2024-10-17,18,1,4,3,3200.0,9600.0,8097.02,1502.98
4915,2024-10-17,14,5,2,4,14900.0,59600.0,39821.52,19778.48
4916,2024-10-17,19,8,4,2,4100.0,8200.0,5438.59,2761.41
4917,2024-10-17,13,7,1,3,13700.0,41100.0,26725.58,14374.42
4918,2024-10-18,18,1,1,4,4600.0,18400.0,14431.38,3968.62
4919,2024-10-18,13,3,1,2,12000.0,24000.0,20136.53,3863.47
4920,2024-10-18,20,6,1,3,4900.0,14700.0,8882.22,5817.78
4921,2024-10-18,16,6,1,1,4700.0,4700.0,3908.75,791.25
4922,2024-10-18,20,5,4,4,3800.0,15200.0,10475.66,4724.34
4923,2024-10-18,10,9,1,4,13600.0,54400.0,38177.98,16222.02
4924,2024-10-18,2,1,5,3,21200.0,63600.0,50698.69,12901.31
4925,2024-10-18,8,2,3,4,11800.0,47200.0,31812.52,15387.48
4926,2024-10-18,19,2,1,1,4200.0,4200.0,3180.44,1019.56
4927,2024-10-18,11,1,1,2,16400.0,32800.0,21450.94,11349.06
4928,2024-10-18,8,10,2,2,11300.0,22600.0,16337.39,6262.61
4929,2024-10-18,1,9,4,2,19600.0,39200.0,32076.0,7124.0
4930,2024-10-18,10,6,1,3,10900.0,32700.0,26087.89,6612.11
4931,2024-10-19,16,2,1,3,4400.0,13200.0,10515.49,2684.51
4932,2024-10-19,20,9,2,4,5500.0,22000.0,18691.74,3308.26
4933,2024-10-19,18,2,3,4,2900.0,11600.0,6797.01,4802.99
4934,2024-10-19,19,2,4,4,5100.0,20400.0,12844.06,7555.94
4935,2024-10-19,13,2,4,1,20600.0,20600.0,14484.79,6115.21
4936,2024-10-19,9,4,1,5,11900.0,59500.0,35470.0,24030.0
4937,2024-10-19,2,1,1,1,29200.0,29200.0,24656.02,4543.98
4938,2024-10-19,6,1,4,2,15400.0,30800.0,19937.52,10862.48
4939,2024-10-19,9,4,4,4,10900.0,43600.0,35869.67,7730.33
4940,2024-10-19,9,1,5,3,12500.0,37500.0,28720.39,8779.61
4941,2024-10-20,13,1,2,4,20300.0,81200.0,67677.82,13522.18
4942,2024-10-20,19,1,4,4,5300.0,21200.0,16083.42,5116.58
4943,2024-10-20,20,10,1,3,5300.0,15900.0,10126.01,5773.99
4944,2024-10-20,10,9,2,3,10600.0,31800.0,20163.94,11636.06
4945,2024-10-20,12,4,4,1,17400.0,17400.0,10525.91,6874.09
4946,2024-10-21,13,6,1,1,20600.0,20600.0,17408.14,3191.86
4947,2024-10-21,6,9,1,5,8900.0,44500.0,35629.35,8870.65
4948,2024-10-21,11,4,1,2,17300.0,34600.0,25503.33,9096.67
4949,2024-10-21,1,1,1,5,33600.0,168000.0,98969.62,69030.38
4950,2024-10-21,13,8,1,3,18500.0,55500.0,43997.27,11502.73
4951,2024-10-21,18,8,1,5,5000.0,25000.0,17405.69,7594.31
4952,2024-10-21,5,6,1,5,32300.0,161500.0,128880.51,32619.49
4953,2024-10-21,14,4,5,4,20200.0,80800.0,61584.03,19215.97
4954,2024-10-22,16,5,1,5,3600.0,18000.0,13859.64,4140.36
4955,2024-10-22,20,1,5,4,5500.0,22000.0,13451.18,8548.82
4956,2024-10-22,9,9,4,5,10800.0,54000.0,36806.01,17193.99
4957,2024-10-22,6,3,6,4,14300.0,57200.0,46468.24,10731.76
4958,2024-10-23,18,4,1,2,4600.0,9200.0,6122.02,3077.98
4959,2024-10-23,2,1,4,5,29500.0,147500.0,115631.82,31868.18
4960,2024-10-23,1,1,1,2,24000.0,48000.0,29700.6,18299.4
4961,2024-10-23,5,1,1,1,31800.0,31800.0,19444.74,12355.26
4962,2024-10-23,9,1,4,2,9200.0,18400.0,14189.06,4210.94
4963,2024-10-23,7,9,1,3,12200.0,36600.0,24965.08,11634.92
4964,2024-10-23,20,1,1,2,5400.0,10800.0,9099.26,1700.74
4965,2024-10-23,1,4,1,2,21300.0,42600.0,27885.23,14714.77
4966,2024-10-24,18,4,1,3,3400.0,10200.0,8483.84,1716.16
4967,2024-10-24,11,1,2,2,11400.0,22800.0,15829.71,6970.29
4968,2024-10-24,3,1,3,1,34800.0,34800.0,28070.66,6729.34
4969,2024-10-24,18,1,4,2,4900.0,9800.0,7367.59,2432.41
4970,2024-10-24,7,9,4,5,16200.0,81000.0,60656.3,20343.7
4971,2024-10-24,19,3,4,4,4900.0,19600.0,14779.82,4820.18
4972,2024-10-25,3,4,5,4,28800.0,115200.0,77982.65,37217.35
4973,2024-10-25,6,8,5,1,9500.0,9500.0,6115.77,3384.23
4974,2024-10-25,14,1,1,3,13200.0,39600.0,24081.89,15518.11
4975,2024-10-25,15,1,3,3,12000.0,36000.0,29117.47,6882.53
4976,2024-10-25,3,9,1,1,31500.0,31500.0,20786.05,10713.95
4977,2024-10-25,7,10,4,2,8900.0,17800.0,15060.14,2739.86
4978,2024-10-25,10,4,2,4,11000.0,44000.0,34075.22,9924.78
4979,2024-10-26,18,4,4,2,4100.0,8200.0,5506.08,2693.92
4980,2024-10-26,7,4,1,1,12800.0,12800.0,8418.13,4381.87
4981,2024-10-26,18,6,5,2,4500.0,9000.0,6648.82,2351.18
4982,2024-10-26,9,1,1,3,12800.0,38400.0,30215.26,8184.74
4983,2024-10-26,6,10,2,4,10200.0,40800.0,23862.73,16937.27
4984,2024-10-27,5,10,4,4,29500.0,118000.0,72025.11,45974.89
4985,2024-10-27,10,10,1,2,10400.0,20800.0,16031.71,4768.29
4986,2024-10-27,7,2,1,2,8700.0,17400.0,12125.51,5274.49
4987,2024-10-27,12,1,1,1,12900.0,12900.0,7728.05,5171.95
4988,2024-10-27,4,2,6,5,28500.0,142500.0,110224.71,32275.29
4989,2024-10-27,16,1,2,3,3500.0,10500.0,6953.16,3546.84
4990,2024-10-27,7,8,2,4,13200.0,52800.0,44334.43,8465.57
4991,2024-10-27,2,1,5,3,21200.0,63600.0,44117.11,19482.89
4992,2024-10-28,4,6,1,4,24100.0,96400.0,56649.81,39750.19
4993,2024-10-28,4,6,4,2,22200.0,44400.0,27954.97,16445.03
4994,2024-10-28,16,9,1,3,5500.0,16500.0,10372.08,6127.92
4995,2024-10-28,6,8,5,2,14500.0,29000.0,20733.24,8266.76
4996,2024-10-28,16,6,4,3,4100.0,12300.0,10100.72,2199.28
4997,2024-10-28,5,2,2,1,33900.0,33900.0,21689.58,12210.42
4998,2024-10-29,13,1,1,4,19600.0,78400.0,45757.33,32642.67
4999,2024-10-29,6,4,1,1,10600.0,10600.0,8976.02,1623.98
5000,2024-10-29,10,2,1,3,15300.0,45900.0,27269.96,18630.04
5001,2024-10-29,9,1,4,2,9400.0,18800.0,13414.47,5385.53
5002,2024-10-29,13,4,1,5,14100.0,70500.0,49852.97,20647.03
5003,2024-10-29,1,4,3,2,28700.0,57400.0,41981.71,15418.29
5004,2024-10-30,9,1,5,1,13800.0,13800.0,9459.7,4340.3
5005,2024-10-30,5,1,4,1,30600.0,30600.0,24944.11,5655.89
5006,2024-10-30,4,2,4,3,18600.0,55800.0,40968.33,14831.67
5007,2024-10-30,16,2,6,2,5600.0,11200.0,7334.47,3865.53
5008,2024-10-30,20,4,5,1,4500.0,4500.0,3697.35,802.65
5009,2024-10-30,16,3,2,3,3700.0,11100.0,7239.04,3860.96
5010,2024-10-30,13,1,2,3,19100.0,57300.0,42001.54,15298.46
5011,2024-10-30,10,2,5,4,9700.0,38800.0,28890.42,9909.58
5012,2024-10-30,10,2,4,1,16500.0,16500.0,11860.89,4639.11
5013,2024-10-30,4,1,4,1,20800.0,20800.0,12782.56,8017.44
5014,2024-10-30,3,2,4,3,29700.0,89100.0,73034.97,16065.03
5015,2024-10-31,10,10,5,1,11500.0,11500.0,8004.62,3495.38
5016,2024-10-31,14,7,4,5,13700.0,68500.0,52436.4,16063.6
5017,2024-10-31,20,2,4,1,4200.0,4200.0,3367.02,832.98
5018,2024-10-31,20,8,2,2,4600.0,9200.0,6156.73,3043.27
5019,2024-11-01,1,1,1,2,17700.0,35400.0,21082.33,14317.67
5020,2024-11-01,9,7,1,2,9000.0,18000.0,10750.96,7249.04
5021,2024-11-01,8,1,1,3,8400.0,25200.0,14809.82,10390.18
5022,2024-11-02,14,2,2,4,11700.0,46800.0,38452.52,8347.48
5023,2024-11-02,1,1,5,3,31100.0,93300.0,59595.32,33704.68
5024,2024-11-02,12,6,4,4,16700.0,66800.0,54024.53,12775.47
5025,2024-11-02,12,6,1,5,16100.0,80500.0,61361.33,19138.67
5026,2024-11-02,13,2,4,3,10600.0,31800.0,21841.55,9958.45
5027,2024-11-03,16,2,3,5,3500.0,17500.0,10322.28,7177.72
5028,2024-11-03,13,6,1,3,11800.0,35400.0,20729.54,14670.46
5029,2024-11-03,14,1,1,5,12700.0,63500.0,41121.76,22378.24
5030,2024-11-03,6,4,4,3,12600.0,37800.0,29709.38,8090.62
5031,2024-11-04,15,8,3,1,14400.0,14400.0,11152.54,3247.46
5032,2024-11-04,17,1,1,4,3500.0,14000.0,11480.52,2519.48
5033,2024-11-04,4,1,1,5,28900.0,144500.0,110976.49,33523.51
5034,2024-11-05,4,1,1,3,24900.0,74700.0,60372.99,14327.01
5035,2024-11-05,13,5,2,3,10800.0,32400.0,23143.31,9256.69
5036,2024-11-05,17,2,4,4,3800.0,15200.0,9623.92,5576.08
5037,2024-11-05,20,4,2,5,3700.0,18500.0,14880.46,3619.54
5038,2024-11-06,12,2,1,1,12700.0,12700.0,10063.05,2636.95
5039,2024-11-06,8,5,4,2,9100.0,18200.0,14822.21,3377.79
5040,2024-11-07,11,8,6,4,12400.0,49600.0,28986.63,20613.37
5041,2024-11-07,3,4,6,1,27000.0,27000.0,15665.81,11334.19
5042,2024-11-07,6,4,2,4,16300.0,65200.0,55148.42,10051.58
5043,2024-11-07,6,3,6,4,16500.0,66000.0,42084.82,23915.18
5044,2024-11-07,3,9,1,4,20400.0,81600.0,54487.2,27112.8
5045,2024-11-07,7,4,4,3,16400.0,49200.0,30317.8,18882.2
5046,2024-11-08,6,1,4,2,9500.0,19000.0,15368.6,3631.4
5047,2024-11-08,9,1,3,1,13600.0,13600.0,11513.82,2086.18
5048,2024-11-08,9,1,4,3,16200.0,48600.0,38600.97,9999.03
5049,2024-11-08,15,10,2,2,16800.0,33600.0,23649.59,9950.41
5050,2024-11-08,4,4,4,2,17600.0,35200.0,29556.84,5643.16
5051,2024-11-08,19,6,5,2,3000.0,6000.0,4707.69,1292.31
5052,2024-11-09,11,4,4,4,11100.0,44400.0,32694.51,11705.49
5053,2024-11-09,2,4,1,4,17600.0,70400.0,45642.32,24757.68
5054,2024-11-09,3,2,5,3,27500.0,82500.0,57048.81,25451.19
5055,2024-11-09,2,9,1,1,19600.0,19600.0,15858.0,3742.0
5056,2024-11-10,19,1,1,5,5200.0,26000.0,15876.92,10123.08
5057,2024-11-10,14,2,4,2,11600.0,23200.0,13960.79,9239.21
5058,2024-11-10,14,8,2,4,16200.0,64800.0,51891.34,12908.66
5059,2024-11-10,2,1,2,1,31900.0,31900.0,25691.3,6208.7
5060,2024-11-10,14,7,4,1,17400.0,17400.0,13019.86,4380.14
5061,2024-11-10,11,2,2,4,14500.0,58000.0,42906.17,15093.83
5062,2024-11-10,12,10,1,2,21000.0,42000.0,28147.74,13852.26
5063,2024-11-10,9,10,1,1,12300.0,12300.0,9280.39,3019.61
5064,2024-11-10,19,2,1,3,3300.0,9900.0,6640.87,3259.13
5065,2024-11-11,6,4,2,4,10200.0,40800.0,33933.22,6866.78
5066,2024-11-11,1,1,1,1,22300.0,22300.0,17782.9,4517.1
5067,2024-11-11,4,4,1,4,29700.0,118800.0,77106.09,41693.91
5068,2024-11-11,12,10,1,5,12400.0,62000.0,38991.71,23008.29
5069,2024-11-11,13,2,5,2,18400.0,36800.0,21426.63,15373.37
5070,2024-11-11,11,1,1,1,15700.0,15700.0,10662.75,5037.25
5071,2024-11-12,14,6,1,4,12100.0,48400.0,38615.41,9784.59
5072,2024-11-12,5,9,1,5,19500.0,97500.0,57226.27,40273.73
5073,2024-11-12,7,9,1,2,14200.0,28400.0,23662.66,4737.34
5074,2024-11-12,6,9,4,4,12700.0,50800.0,30189.62,20610.38
5075,2024-11-12,15,2,4,3,11400.0,34200.0,27157.02,7042.98
5076,2024-11-13,18,9,1,3,4600.0,13800.0,8075.94,5724.06
5077,2024-11-13,18,1,2,4,5000.0,20000.0,13055.53,6944.47
5078,2024-11-13,8,1,1,1,10000.0,10000.0,6140.58,3859.42
5079,2024-11-13,7,1,4,5,10500.0,52500.0,33191.45,19308.55
5080,2024-11-13,2,6,1,2,20900.0,41800.0,27273.3,14526.7
5081,2024-11-13,6,8,4,5,10500.0,52500.0,38769.2,13730.8
5082,2024-11-14,17,10,1,5,3500.0,17500.0,14304.38,3195.62
5083,2024-11-14,8,1,1,3,15500.0,46500.0,28679.31,17820.69
5084,2024-11-14,14,9,2,2,18600.0,37200.0,28721.17,8478.83
5085,2024-11-14,19,9,1,2,3300.0,6600.0,5242.63,1357.37
5086,2024-11-14,5,2,2,4,22000.0,88000.0,51214.89,36785.11
5087,2024-11-14,14,2,4,1,13100.0,13100.0,10605.51,2494.49
5088,2024-11-14,18,9,1,1,5100.0,5100.0,3318.06,1781.94
5089,2024-11-14,5,4,1,5,21000.0,105000.0,76204.46,28795.54
5090,2024-11-14,16,9,1,1,4400.0,4400.0,3539.77,860.23
5091,2024-11-14,4,2,4,5,20500.0,102500.0,73542.25,28957.75
5092,2024-11-15,8,1,1,4,13100.0,52400.0,39565.02,12834.98
5093,2024-11-15,14,10,4,3,19700.0,59100.0,43912.8,15187.2
5094,2024-11-15,15,7,4,4,18400.0,73600.0,43944.4,29655.6
5095,2024-11-15,20,9,4,3,5100.0,15300.0,12772.38,2527.62
5096,2024-11-15,11,1,5,4,11100.0,44400.0,34119.1,10280.9
5097,2024-11-15,1,6,1,1,26900.0,26900.0,18397.05,8502.95
5098,2024-11-15,5,7,1,5,20900.0,104500.0,78156.63,26343.37
5099,2024-11-16,15,8,1,2,17600.0,35200.0,26916.75,8283.25
5100,2024-11-16,4,6,1,4,33200.0,132800.0,109355.48,23444.52
5101,2024-11-16,3,5,4,2,27400.0,54800.0,46476.49,8323.51
5102,2024-11-16,12,9,2,2,15800.0,31600.0,25073.58,6526.42
5103,2024-11-16,15,6,1,1,12500.0,12500.0,9119.23,3380.77
5104,2024-11-17,1,6,1,1,33900.0,33900.0,24037.83,9862.17
5105,2024-11-17,15,1,1,1,17400.0,17400.0,13178.06,4221.94
5106,2024-11-17,1,1,1,1,30400.0,30400.0,24290.83,6109.17
5107,2024-11-17,7,4,1,3,11200.0,33600.0,27677.2,5922.8
5108,2024-11-18,12,2,1,1,11200.0,11200.0,6862.5,4337.5
5109,2024-11-18,13,4,1,3,13900.0,41700.0,25599.67,16100.33
5110,2024-11-18,8,2,4,5,11300.0,56500.0,41562.48,14937.52
5111,2024-11-18,5,4,4,4,18300.0,73200.0,45311.48,27888.52
5112,2024-11-18,9,1,4,1,14600.0,14600.0,9553.39,5046.61
5113,2024-11-18,16,1,5,2,5000.0,10000.0,7088.04,2911.96
5114,2024-11-18,17,2,2,3,5300.0,15900.0,9751.72,6148.28
5115,2024-11-18,19,8,4,2,3200.0,6400.0,5125.52,1274.48
5116,2024-11-19,11,8,5,5,14200.0,71000.0,54621.9,16378.1
5117,2024-11-19,4,4,3,4,29200.0,116800.0,83882.72,32917.28
5118,2024-11-19,6,1,4,3,14600.0,43800.0,31029.23,12770.77
5119,2024-11-20,20,10,1,5,3200.0,16000.0,13500.92,2499.08
5120,2024-11-20,3,1,4,3,29000.0,87000.0,51032.71,35967.29
5121,2024-11-20,10,1,5,4,9600.0,38400.0,31542.23,6857.77
5122,2024-11-21,16,2,1,1,3100.0,3100.0,2536.8,563.2
5123,2024-11-21,13,2,1,2,18400.0,36800.0,21953.38,14846.62
5124,2024-11-21,11,1,5,3,12400.0,37200.0,23708.0,13492.0
5125,2024-11-21,9,8,1,5,10200.0,51000.0,32406.8,18593.2
5126,2024-11-21,11,1,5,4,19500.0,78000.0,51110.84,26889.16
5127,2024-11-22,13,4,2,5,17900.0,89500.0,64776.61,24723.39
5128,2024-11-22,11,10,1,3,10500.0,31500.0,20258.68,11241.32
5129,2024-11-22,4,1,1,2,23900.0,47800.0,31771.91,16028.09
5130,2024-11-22,8,1,1,5,14300.0,71500.0,57534.32,13965.68
5131,2024-11-22,17,8,1,5,3600.0,18000.0,11966.68,6033.32
5132,2024-11-22,2,1,2,5,27500.0,137500.0,91039.07,46460.93
5133,2024-11-22,9,1,1,1,15200.0,15200.0,11132.13,4067.87
5134,2024-11-22,13,5,2,3,20800.0,62400.0,36778.56,25621.44
5135,2024-11-22,15,4,1,1,20400.0,20400.0,14522.15,5877.85
5136,2024-11-23,6,1,1,5,11600.0,58000.0,35815.95,22184.05
5137,2024-11-23,19,1,1,3,4200.0,12600.0,9110.77,3489.23
5138,2024-11-24,18,2,2,5,4600.0,23000.0,15390.11,7609.89
5139,2024-11-24,2,9,4,3,20500.0,61500.0,52106.34,9393.66
5140,2024-11-24,15,9,3,3,13400.0,40200.0,32087.95,8112.05
5141,2024-11-24,14,9,1,5,14300.0,71500.0,51525.73,19974.27
5142,2024-11-25,3,1,1,3,17700.0,53100.0,38318.06,14781.94
5143,2024-11-25,9,9,4,4,16600.0,66400.0,53790.95,12609.05
5144,2024-11-25,18,1,2,2,4100.0,8200.0,6725.72,1474.28
5145,2024-11-25,14,4,4,3,16300.0,48900.0,37853.19,11046.81
5146,2024-11-25,1,1,1,3,20300.0,60900.0,43418.0,17482.0
5147,2024-11-25,7,1,1,3,10500.0,31500.0,24280.46,7219.54
5148,2024-11-26,9,1,2,5,15400.0,77000.0,49630.12,27369.88
5149,2024-11-26,7,2,5,3,8900.0,26700.0,20554.83,6145.17
5150,2024-11-26,11,1,5,5,15000.0,75000.0,48042.19,26957.81
5151,2024-11-26,17,2,1,2,5600.0,11200.0,9228.42,1971.58
5152,2024-11-26,19,1,1,4,5400.0,21600.0,14910.19,6689.81
5153,2024-11-26,12,4,2,5,20900.0,104500.0,83603.51,20896.49
5154,2024-11-26,7,1,4,3,16100.0,48300.0,38328.4,9971.6
5155,2024-11-27,3,10,2,3,32800.0,98400.0,70165.81,28234.19
5156,2024-11-27,15,2,2,3,19300.0,57900.0,38744.98,19155.02
5157,2024-11-27,17,4,1,1,3100.0,3100.0,2346.11,753.89
5158,2024-11-27,10,1,4,1,13100.0,13100.0,8658.89,4441.11
5159,2024-11-27,13,9,4,1,10900.0,10900.0,7559.72,3340.28
5160,2024-11-27,3,8,3,1,20300.0,20300.0,16238.34,4061.66
5161,2024-11-28,10,9,4,1,13300.0,13300.0,8417.01,4882.99
5162,2024-11-28,8,3,1,4,10600.0,42400.0,32279.98,10120.02
5163,2024-11-28,11,2,1,2,17400.0,34800.0,27003.02,7796.98
5164,2024-11-28,15,1,4,4,17800.0,71200.0,42901.82,28298.18
5165,2024-11-28,16,9,1,2,5200.0,10400.0,6794.38,3605.62
5166,2024-11-28,19,1,1,5,4600.0,23000.0,18292.98,4707.02
5167,2024-11-29,18,6,4,3,5400.0,16200.0,10229.16,5970.84
5168,2024-11-29,17,4,4,3,3800.0,11400.0,8046.15,3353.85
5169,2024-11-29,12,2,5,3,14100.0,42300.0,31480.22,10819.78
5170,2024-11-30,14,1,4,5,13100.0,65500.0,44984.52,20515.48
5171,2024-11-30,10,2,1,2,8800.0,17600.0,11056.54,6543.46
5172,2024-11-30,6,7,4,3,12300.0,36900.0,25817.16,11082.84
5173,2024-11-30,4,10,1,3,24300.0,72900.0,55002.08,17897.92
5174,2024-11-30,16,10,4,4,4600.0,18400.0,14377.23,4022.77
5175,2024-11-30,19,2,4,2,4000.0,8000.0,6524.65,1475.35
5176,2024-12-01,12,5,1,3,18900.0,79380.0,62765.02,16614.98
5177,2024-12-01,4,1,1,4,23100.0,129360.0,101494.88,27865.12
5178,2024-12-01,5,9,4,3,27500.0,115500.0,79749.06,35750.94
5179,2024-12-01,8,1,2,3,12000.0,50400.0,30867.77,19532.23
5180,2024-12-01,11,4,1,5,17300.0,121100.0,92662.15,28437.85
5181,2024-12-01,4,2,1,4,26200.0,146720.0,104934.86,41785.14
5182,2024-12-01,5,2,1,5,30900.0,216300.0,132641.5,83658.5
5183,2024-12-01,18,2,1,3,5000.0,21000.0,16610.97,4389.03
5184,2024-12-01,19,2,2,2,5200.0,14560.0,9483.24,5076.76
5185,2024-12-01,3,1,2,1,32600.0,45640.0,34673.38,10966.62
5186,2024-12-02,12,1,1,2,14300.0,40040.0,29777.9,10262.1
5187,2024-12-02,10,9,1,4,10500.0,58800.0,45636.87,13163.13
5188,2024-12-02,11,1,5,3,15400.0,64680.0,53133.33,11546.67
5189,2024-12-02,19,2,1,3,5100.0,21420.0,13656.64,7763.36
5190,2024-12-02,9,8,2,4,11700.0,65520.0,53744.87,11775.13
5191,2024-12-02,4,5,1,4,21300.0,119280.0,75497.64,43782.36
5192,2024-12-03,7,9,2,2,11600.0,32480.0,21097.21,11382.79
5193,2024-12-03,7,10,5,4,14700.0,82320.0,67954.67,14365.33
5194,2024-12-03,12,3,4,1,14600.0,20440.0,13076.83,7363.17
5195,2024-12-03,4,4,1,1,28800.0,40320.0,27548.26,12771.74
5196,2024-12-03,6,4,1,5,9800.0,68600.0,54010.94,14589.06
5197,2024-12-03,6,7,1,5,9900.0,69300.0,54924.03,14375.97
5198,2024-12-04,14,1,2,5,14300.0,100100.0,68302.29,31797.71
5199,2024-12-04,17,8,1,2,4600.0,12880.0,9172.56,3707.44
5200,2024-12-04,3,6,1,2,34100.0,95480.0,56288.27,39191.73
5201,2024-12-04,18,3,2,4,4400.0,24640.0,17822.71,6817.29
5202,2024-12-04,4,10,1,5,34700.0,242900.0,167102.81,75797.19
5203,2024-12-05,4,2,5,2,33900.0,94920.0,64587.82,30332.18
5204,2024-12-05,19,2,4,4,3100.0,17360.0,13960.77,3399.23
5205,2024-12-05,20,1,6,5,5000.0,35000.0,25642.21,9357.79
5206,2024-12-05,13,6,1,1,17600.0,24640.0,17691.75,6948.25
5207,2024-12-05,3,1,5,4,29000.0,162400.0,111041.17,51358.83
5208,2024-12-05,4,4,1,1,19000.0,26600.0,16837.33,9762.67
5209,2024-12-05,17,1,4,4,3500.0,19600.0,13569.38,6030.62
5210,2024-12-06,1,2,5,5,24400.0,170800.0,104232.88,66567.12
5211,2024-12-06,18,6,5,5,2900.0,20300.0,12531.12,7768.88
5212,2024-12-06,2,1,1,1,21900.0,30660.0,25675.17,4984.83
5213,2024-12-06,13,9,1,4,11500.0,64400.0,47006.29,17393.71
5214,2024-12-06,6,1,4,3,11200.0,47040.0,29653.61,17386.39
5215,2024-12-06,8,6,1,5,11400.0,79800.0,54219.49,25580.51
5216,2024-12-06,2,2,4,5,30200.0,211400.0,133163.74,78236.26
5217,2024-12-07,11,4,4,2,13600.0,38080.0,28835.82,9244.18
5218,2024-12-07,6,2,2,1,11200.0,15680.0,9614.22,6065.78
5219,2024-12-07,8,9,3,3,11200.0,47040.0,37024.74,10015.26
5220,2024-12-07,14,4,2,1,19600.0,27440.0,17560.62,9879.38
5221,2024-12-07,17,8,2,3,5400.0,22680.0,16995.7,5684.3
5222,2024-12-07,8,1,6,3,10800.0,45360.0,29901.24,15458.76
5223,2024-12-08,14,8,3,3,14200.0,59640.0,46865.21,12774.79
5224,2024-12-08,5,2,1,1,32000.0,44800.0,32311.73,12488.27
5225,2024-12-08,17,1,4,2,5200.0,14560.0,10300.2,4259.8
5226,2024-12-09,4,4,2,3,33600.0,141120.0,112503.79,28616.21
5227,2024-12-10,1,2,2,1,22700.0,31780.0,26385.53,5394.47
5228,2024-12-10,11,9,3,1,19800.0,27720.0,21097.92,6622.08
5229,2024-12-10,13,7,4,3,13400.0,56280.0,42923.45,13356.55
5230,2024-12-10,8,1,2,5,14000.0,98000.0,82610.41,15389.59
5231,2024-12-10,9,2,5,2,10900.0,30520.0,23148.28,7371.72
5232,2024-12-10,16,2,1,3,3400.0,14280.0,8490.5,5789.5
5233,2024-12-10,9,4,3,4,10200.0,57120.0,47442.02,9677.98
5234,2024-12-10,17,5,2,2,4200.0,11760.0,7496.97,4263.03
5235,2024-12-10,17,4,1,2,5200.0,14560.0,9267.39,5292.61
5236,2024-12-10,20,1,5,4,2800.0,15680.0,12539.34,3140.66
5237,2024-12-11,17,1,1,1,5500.0,7700.0,4962.96,2737.04
5238,2024-12-11,14,2,6,2,16600.0,46480.0,37153.82,9326.18
5239,2024-12-11,18,1,1,2,5300.0,14840.0,9516.39,5323.61
5240,2024-12-11,17,9,4,3,4800.0,20160.0,13522.65,6637.35
5241,2024-12-11,2,10,1,2,29300.0,82040.0,64438.26,17601.74
5242,2024-12-11,8,4,2,2,14600.0,40880.0,24192.66,16687.34
5243,2024-12-12,16,1,4,1,5200.0,7280.0,5001.91,2278.09
5244,2024-12-12,5,6,5,2,25400.0,71120.0,52957.15,18162.85
5245,2024-12-12,6,2,4,3,15000.0,63000.0,39073.2,23926.8
5246,2024-12-12,6,2,1,1,14000.0,19600.0,16338.26,3261.74
5247,2024-12-12,19,1,2,2,4300.0,12040.0,8328.73,3711.27
5248,2024-12-12,10,1,1,1,15500.0,21700.0,16009.34,5690.66
5249,2024-12-13,4,1,4,2,23700.0,66360.0,42275.49,24084.51
5250,2024-12-13,13,1,1,4,20900.0,117040.0,73663.13,43376.87
5251,2024-12-13,2,1,4,1,29300.0,41020.0,31650.03,9369.97
5252,2024-12-13,20,9,4,1,3900.0,5460.0,3681.99,1778.01
5253,2024-12-13,2,2,4,5,27600.0,193200.0,156726.39,36473.61
5254,2024-12-14,15,1,1,3,18100.0,76020.0,49217.06,26802.94
5255,2024-12-14,16,9,1,5,5500.0,38500.0,24077.57,14422.43
5256,2024-12-14,4,2,1,2,34300.0,96040.0,65747.46,30292.54
5257,2024-12-15,12,4,4,2,11500.0,32200.0,19837.37,12362.63
5258,2024-12-15,19,1,3,3,5300.0,22260.0,18173.31,4086.69
5259,2024-12-15,17,4,4,3,5000.0,21000.0,14539.2,6460.8
5260,2024-12-15,5,2,2,5,31700.0,221900.0,154889.69,67010.31
5261,2024-12-15,13,4,1,1,11000.0,15400.0,13087.27,2312.73
5262,2024-12-15,19,8,2,1,2800.0,3920.0,2815.3,1104.7
5263,2024-12-16,16,9,1,1,5100.0,7140.0,5767.59,1372.41
5264,2024-12-16,14,2,2,5,11100.0,77700.0,45479.13,32220.87
5265,2024-12-16,1,2,5,4,18900.0,105840.0,84483.29,21356.71
5266,2024-12-16,7,9,1,4,12800.0,71680.0,42040.83,29639.17
5267,2024-12-16,13,9,4,5,15600.0,109200.0,86694.18,22505.82
5268,2024-12-16,1,1,4,3,29800.0,125160.0,99207.2,25952.8
5269,2024-12-16,3,1,1,4,29900.0,167440.0,111894.77,55545.23
5270,2024-12-17,13,9,5,5,20900.0,146300.0,119030.69,27269.31
5271,2024-12-17,12,7,1,2,14900.0,41720.0,25574.06,16145.94
5272,2024-12-17,11,6,1,1,11100.0,15540.0,9696.07,5843.93
5273,2024-12-17,2,1,4,2,20300.0,56840.0,40853.27,15986.73
5274,2024-12-18,17,1,2,5,4100.0,28700.0,19853.37,8846.63
5275,2024-12-18,6,5,4,1,9200.0,12880.0,7762.22,5117.78
5276,2024-12-18,5,1,2,2,17500.0,49000.0,30088.75,18911.25
5277,2024-12-18,14,6,6,2,16900.0,47320.0,36579.59,10740.41
5278,2024-12-18,1,10,2,1,26300.0,36820.0,30243.06,6576.94
5279,2024-12-18,2,1,4,5,26400.0,184800.0,133923.54,50876.46
5280,2024-12-19,6,2,1,5,13700.0,95900.0,72688.49,23211.51
5281,2024-12-19,7,4,4,2,10600.0,29680.0,25087.03,4592.97
5282,2024-12-19,1,4,1,4,19400.0,108640.0,77031.49,31608.51
5283,2024-12-19,9,3,2,4,15900.0,89040.0,68893.68,20146.32
5284,2024-12-19,11,9,4,3,14400.0,60480.0,44105.12,16374.88
5285,2024-12-20,7,1,4,3,9400.0,39480.0,25062.05,14417.95
5286,2024-12-20,3,9,4,3,34300.0,144060.0,107399.8,36660.2
5287,2024-12-20,5,10,4,2,31200.0,87360.0,64909.82,22450.18
5288,2024-12-20,10,10,1,5,15200.0,106400.0,76918.49,29481.51
5289,2024-12-20,1,2,6,3,28000.0,117600.0,87991.11,29608.89
5290,2024-12-21,17,6,1,3,3200.0,13440.0,11041.85,2398.15
5291,2024-12-21,16,4,1,4,5400.0,30240.0,22551.96,7688.04
5292,2024-12-21,19,1,4,3,4500.0,18900.0,12470.95,6429.05
5293,2024-12-22,9,1,5,3,9300.0,39060.0,29167.17,9892.83
5294,2024-12-22,5,2,5,1,29600.0,41440.0,26553.01,14886.99
5295,2024-12-23,13,9,1,4,15800.0,88480.0,61753.44,26726.56
5296,2024-12-23,10,1,1,2,13800.0,38640.0,31124.72,7515.28
5297,2024-12-23,12,9,4,3,14500.0,60900.0,42578.4,18321.6
5298,2024-12-23,3,4,1,4,20600.0,115360.0,78477.91,36882.09
5299,2024-12-23,10,5,1,5,12100.0,84700.0,51810.36,32889.64
5300,2024-12-23,3,8,1,4,21400.0,119840.0,92052.13,27787.87
5301,2024-12-24,17,1,5,2,4400.0,12320.0,7560.41,4759.59
5302,2024-12-24,1,1,4,3,19000.0,79800.0,47059.9,32740.1
5303,2024-12-24,7,10,4,1,12400.0,17360.0,13259.82,4100.18
5304,2024-12-24,20,2,2,1,4700.0,6580.0,4184.74,2395.26
5305,2024-12-24,11,2,6,4,17000.0,95200.0,68369.84,26830.16
5306,2024-12-24,13,2,1,3,20500.0,86100.0,54634.16,31465.84
5307,2024-12-24,15,8,1,5,18100.0,126700.0,75292.06,51407.94
5308,2024-12-24,18,6,4,3,4700.0,19740.0,11868.11,7871.89
5309,2024-12-25,7,10,3,4,13400.0,75040.0,50521.43,24518.57
5310,2024-12-25,10,1,4,1,10900.0,15260.0,9465.73,5794.27
5311,2024-12-25,9,10,4,4,15900.0,89040.0,54041.28,34998.72
5312,2024-12-25,6,2,1,2,16300.0,45640.0,34412.33,11227.67
5313,2024-12-26,11,1,1,1,11100.0,15540.0,11627.24,3912.76
5314,2024-12-26,5,6,4,1,22500.0,31500.0,24127.88,7372.12
5315,2024-12-26,13,1,1,1,15700.0,21980.0,17424.66,4555.34
5316,2024-12-26,6,8,1,2,16100.0,45080.0,34217.84,10862.16
5317,2024-12-26,11,4,1,4,19200.0,107520.0,77635.54,29884.46
5318,2024-12-26,2,9,1,5,32400.0,226800.0,148336.25,78463.75
5319,2024-12-27,6,3,1,4,11600.0,64960.0,40758.44,24201.56
5320,2024-12-27,13,1,5,3,17000.0,71400.0,51144.99,20255.01
5321,2024-12-28,12,4,4,5,15600.0,109200.0,78884.29,30315.71
5322,2024-12-28,1,9,5,1,25500.0,35700.0,27974.74,7725.26
5323,2024-12-28,11,3,5,3,11700.0,49140.0,29333.74,19806.26
5324,2024-12-29,16,4,4,4,3400.0,19040.0,14683.37,4356.63
5325,2024-12-29,12,3,4,1,20900.0,29260.0,24809.43,4450.57
5326,2024-12-29,6,1,4,3,11200.0,47040.0,38274.44,8765.56
5327,2024-12-29,5,2,5,5,18700.0,130900.0,98786.94,32113.06
5328,2024-12-29,3,1,1,1,33100.0,46340.0,35143.76,11196.24
5329,2024-12-30,18,9,1,5,4200.0,29400.0,19851.87,9548.13
5330,2024-12-30,7,6,4,3,15000.0,63000.0,53022.3,9977.7
5331,2024-12-30,1,1,1,5,27200.0,190400.0,154304.67,36095.33
5332,2024-12-30,3,3,1,5,31300.0,219100.0,131034.36,88065.64
5333,2024-12-30,4,1,1,2,27200.0,76160.0,44377.66,31782.34
5334,2024-12-30,5,1,4,4,31600.0,176960.0,123243.08,53716.92
